contact,Name,Id,points
9829671434,Agarwal Store 002,27507731,16837
7737400800,Jhawar general store Medta city,15841458,98407
9602530161,MONIKA READYMADE 001,29793483,5904
9782817676,Shree BALAJI GARMENT JOBNER 001,27507385,3870
9460286623,Lokanda garments 001,9143720,1694
9413204577,RADHELAL BHAGWANDAS,15782637,23956
8939375487,Vishnu Saree Centre,24027268,2310
9414040010,"SAGAR, VDN",27507017,101250
7742143151,Suresh Readymade Store,15779895,5834
9828596804,Riya collection,23934487,50
9828191934,Vinod General Store,29466843,126
9413521476,SHRI GANESH FANCY STORE,15658508,6574
9828940940,Manoj garments,15803791,84
8890520019,Geeta bangles bagru 001,15393813,1316
9950744086,Nagar garments,31056974,950
7062239313,Narendra readymade,15800338,1711
9571620176,H R cosmetic,15570952,4293
7240030202,Om garments,15811617,56
9610070485,RAJ GARMENT AND FANCY 001,15391485,5740
9982253866,Tavar collection 01,10560348,8387
9414345431,Vikas Readymade 002 ,18997697,37927
9664153232,ANKIT FANCY STORE,11686311,8891
9680891389,Ashok kumar Moolchand and Sons,27918668,6138
9829236802,Balaji fashion 01,27507389,308
9829206083,Bhanwar Chand Gayan Chand 002 ,27684147,32688
9784312408,Bhavna garments Hasteda,11626389,5848
9799082941,Bulbul garments Govindgarh,11628746,3063
9461059199,Dhurav Garments Gudha,9591355,1320
7877757526,GANPATI FASHION ZONE 001,30816147,1320
7742584423,Gaurav fancy store Kaladera,11628035,2585
9782105082,"GOYAL FANCY STORE, ROAD NO. 6",26558850,2520
9829276783,GOYAL GENERAL STORE,11686597,29129
9460642141,"HARI OM FASHION, MPS",27431518,170791
6367003923,KAMLESH FOOTWEAR,11685179,39569
9664392674,KARTIK GARMENT 001,25245431,1782
9414750809,Ludhiana Garmants,27508323,80
9828318286,MANBHAWAN vishali nagar,27506235,64774
7610091715,MANISH READY-MADE GARMENT 001,9442964,17034
8947832324,MANVI COLLECTION  FOOTWEAR 001,9142545,117270
9828644791,"MONIKA GARMENTS, ROAD NO. 17",27506847,47691
9875084691,Muskan collection,27567097,12222
9983882666,"NIDHI SALES, MPS",27507550,11454
7976818148,Parnami fancy store 02,9143418,42471
9414889427,"PAWAN FANCY & GENERAL STORE, MPS",11883820,87123
9829532343,POOJA GARMENT,9142194,7180
9660564876,PREM TRADERS 001,9771381,550
9414358488,Prince Fancy store 02,27507680,4508
8104147649,RAJ GARMENT,11611713,16085
9828826462,RDX textile Dhanota,11611617,4323
9784626567,Sagar collection 01,27072514,1078
7733930908,Shiv shakti Garments Dhanota,11609064,11330
9413546815,"SHRI BALAJI TEXTILE, ROAD NO. 17",27506848,2662
9799421431,SHRI GOVINDAM READYMADE 001,27506444,12660
9461127410,SHRI GOVINDAM TEXTILES 001,27506447,4412
6377562086,"SHRI KANHIYA COLLECTION, MPS",27431523,14092
9667549060,Shri Karni department 01,27506945,3198
9929266740,SHRI KRISHNA GARMENT,11664170,3123
8890593036,SHRI NARSINGH CLOTH STORE,11662607,10800
9929714770,SHRI NARSINGH GARMENT,11662006,46604
9829812614,Shri shyam Fancy Govindgarh,11628466,18870
7728028028,SHRI SHYAM GARMENT,11682000,102280
7014145556,Shubhlaxmi garments Chomu,11645785,24315
9929050232,Siyaram garments Dhanota,11609045,33777
9672496403,SURAJ GARMENT RAWAN GET 001,27506449,48092
8302814926,Reloaded Fashion 001,27506530,18274
9414268118,Abhishek General Store,29028529,9594
9929417056,Shri govind Garments 001,27507264,12694
9784557372,"VINAYAK COLLECTIONS, MPS",10841664,1825
9672382121,Harish readymade,26243970,9054
9414287844,JAIN GENRAL STORES,11745192,14491
9414335401,JOHARI TEXTILES,11763896,1188
8619334658,Lalwani General,30860094,2838
7790923940,MADHU GENERAL STORE,11742113,2646
9829828512,Manju sales 002 ,27810839,2796
9828408265,Om Krishna collections 001 SODALA,10963235,451336
9413868716,PRADEEP FANCY GENERAL STORE,27708562,639461
9414774921,Shivam Textile 001,18719517,41043
8003223456,Shree Govindam 001,27506748,4212
8824985146,Shree Lakshmi Garments 002,25179556,5990
9079332911,Shree Om Garment 001,19515629,21806
9166353431,Shree Radhey Garments 001,11906626,858
9351907210,Shri Jagdamba textile 01,27431528,7122
8387007854,Shringar Fancy Store 002 ,27507430,5218
8696109873,Sonu Garments 001 HASANPURA,27506173,75910
9610351188,ANIL PAN & GENERAL 02,27507744,70038
9414823372,banarsi das sudesh kumar,12436588,57310
8619356431,Bansal Garments and Footwear 001,9592783,7164
9928587363,Unique 21,27506236,3257
9461588675,vastra Vatika 01,27431535,9314
9828141134,Vishal garments 001 DHAWASH,9591941,11462
8963806621,Bharti Traders 02,27507732,28917
8668843464,garg fashion,12434745,2844
9772559997,Kalyan Garments 001 SODALA,9653477,15696
8852803502,Krishna Fency General Store 02,27507973,7458
9694536360,Kumawat Fashion 001,9143860,1980
9950846070,manoj kumar dinesh kumar,12435019,122754
8107309940,Master Shop 02,27507888,48344
9829652990,Megha Garments 001,11521445,2313
9660085859,neha garments Khatipura 001,24569540,29447
9829298422,Om Garments 02,27507981,3520
9983314453,Badetiya garments 003,27507983,10691
8619647668,Ravi and Sans,10527212,4396
9680497856,RRS collection,12434571,22071
9269095747,Harish General Store,29363636,29042
8890919580,Lamcy Store 02,9881551,2475
9875722782,Shree Laxmi Garment 001,27506292,7543
9414176671,aakarshan fancy store,28638412,11573
9001464156,AASHISH READYMADE,13044590,19129
9785621587,Harsh General Store,29336886,1474
9214038289,kottons clothing,32607202,5274
8290110113,Neha Garments 001,27506849,2894
8949394013,RAJ BOOK SALES SURAJPOLE,16932347,8838
9251393295,MAHAVEER GENERAL STORE NADBAI,12954556,3517
7737180288,"DEEP JYOTI GARMENTS, SIKAR ROAD",27459421,5308
9571214434,Kumar fancy store 01,9603560,4103
7023014627,Maheshwari Fashion palace 002,27508168,5139
9587900910,Nilesh General store,17288409,3600
9460071237,Satguru Collection 002 ,27507490,154
9799058484,Sk cosmetics 001,9790859,5830
9509888288,Yash family Mart,31675179,1056
8769049394,tiwari readymade,28171304,13974
8955077131,Fashion Gallery 001,27506600,396
9468585249,Arvind store 02,27507871,49387
9166322011,RAJNISH CENTURY COLLECTION,17323908,29635
9252990851,CHAHAT TEXTILES 001,17917391,6153
9829957078,CHETAN READYMADE,17268955,3478
9783355444,Devi fancy store 02,27508095,4750
9982130523,M W  001 ,27506237,34361
7665534560,Fashion Q 001,10962289,2412
9829392240,Goyal Genral,27626105,10049
9782069995,Great Mart,27460214,3388
9828597341,isha fancy store,9792612,462
8955823142,J B Collection,33692017,4554
9875228715,JAGDAMBA GARMENT  001 JOBNER,11044075,34183
6350571337,JUST LITTLE 001,10526627,154
9351676973,JYOTI FANCY CORNER 01,10962040,66503
9887739001,k k general store,13563892,16403
9929227391,KK hojari and fancy store,23576207,11509
8502000138,lucky fashion 001,27506601,8627
9829117869,lucky garment 02,10996597,2970
8690407350,Mahak Hosiery 002 ,27507468,121608
9887467415,MAHI FASHION COLLECTION,11211524,58481
7062783239,Milap hosiery 001,10949910,60495
9602749246,Navrang Dresses sanganeri gate,10407266,9954
9414821168,Radhika Dresses dausa,14389011,1188
9950080888,"RADHIKA FASHION HUB, MPS",27506701,22569
9672202222,Rathi Tea and General Store 002 ,27507509,12674
8005568707,Sadanand garments,10841525,3809
9314365115,SAROJ Bangles 002 ,11234560,1514
9460866736,SATGURU GARMENT 02,11000479,20757
7610933527,SHIVAM COLLECTION,11212479,20121
8432480686,SHIVAM COLLECTION,11214828,16672
8209013413,Shivam collection Etawa,9721528,506
7014881327,Shivam hosiery 001,9143309,4708
7568586165,Shivam readymade hosiery,16145000,462
8529211348,Shri shyam general store nadi ka fatak,10674744,462
9829083151,"SHREE SHYAM GARMENTS, R. JI",30348164,943224
9950111231,SHREE SHAYAM HOSIERY 002,27507874,82142
8233384510,SHRI SHYAM READYMADE GARMENT,11213332,35902
9828203477,shri shyam STORE,17979039,22657
9928687110,Shri Shyam textile 001,27507131,1876
9660656143,shri umesh collection,27640414,8926
7023906304,Shriji collection,11418223,1078
8696254106,Shrinath tradematojari,11417909,1232
9929155545,Tanishka Store 001 GOVINDPURA STAND,28440380,7657
9414682364,Vidhi fashion,18471307,29100
7229933377,A to Z Store,26968484,4785
9887630714,ambey garment 02,9603653,40302
9509714331,AMIT CORNER 001,10780291,39699
9929087135,AMIT GARMENT 01,31517582,95299
9950815045,Ashirwad body line,30859796,4680
9602016335,Ashirwad collection jagatpura,10137258,198
9928089910,Bhagvati readymade niwana,9719483,22347
9414006422,DHEERAJ READYMADE,12718905,23954
9928842437,DIKSHA COLLECTION 001,11029609,9819
9587627145,Gunjan Beauty,31568344,6222
9828192801,Gupta general store Bandikui,11415841,6480
7014099550,JAI AMBEY GARMENTS,30155660,15971
9462412881,Jai ambey collection,9719870,2034
9214514467,Krishna collections 006,30906229,13775
8824409548,Krishna emporium 03,27930472,1890
9982425565,KRISHNA FASHION,9997064,396
9251929293,ma jwala fancy,10822972,1284
9166765051,MAMA JI GARMENT 01,27360420,11915
9251521422,Mittal garments pratap nagar 02,27508060,8916
9460272700,Mittal garments sodala,10395306,30006
9636755635,MODI FANCY STORE  001,11047317,23384
9414424334,"NEERAJ FASHION POINT, LAL DIBBA",27507225,8238
9887371242,Neha Fancy STORE,10881824,1284
9983794141,NEHA GARMENT AND FOOTWEAR,11255096,27129
8209786221,Om Garments 002 ,27507492,9458
9829728200,om shiv cloth readymade 01,27506451,22181
9929341058,pooja vairayti dhanota,9995927,12101
9413192245,POONAM GARMENT 001,17302733,10019
9414852802,Poonam Garments 001,33852587,70008
9928530578,poshak 02,27508025,880
9351675008,Raghav Fancy store 02,27507889,44729
8107909462,RAGHVES FANCY STORE,11178783,3792
9694644178,Ravi Jindal General Store,13780928,2880
9829427161,SATYAM DRESSES 001,9791831,440
8838808997,Shivshakti garments ajitgarh,9997314,31876
9460854222,shree abhimanyu,27444039,26380
9413825874,vijay genral,17064123,60157
9829337265,Vikash fancy dhanota,9996200,8788
9887256022,ANAND TEXTILES  01,11119952,1656
9929695492,Avni collection murlipura,27431537,39384
9783629052,bhairunath Sadi center,14567772,1232
9829035541,Bhandari Beauty and General Store,32652303,34483
7688916208,Bharat Beauty Store,28621850,2212
8003917236,BHARAT GARMENTS 001 DHAWASH,10981205,2178
9829120978,chirag fashion 02,27508008,3040
8949729526,Chinar sadi center nkt,9963276,13410
7619770781,CHODHARY GARMENT AND FOOTWEAR,11159587,1346
9828184795,Chodhary Vastaralay neem ka thana,35109544,24336
9414342698,Chohan Readymade,29355783,462
8504856278,DINESH MAHESH FOOTWEAR & READYMADE,13781855,21499
9799101742,Gurukripa garments ajitgarh,9997142,3366
9829345480,Jai shri Ambey Traders 002,11908814,43236
9529026819,kalyan garment,10962870,2638
7891815151,krishna kangan,33347969,1024
9680578122,Krishna Kannada,14565675,12493
9929924453,MAA DURGA GARMENT,11521108,7703
9829466668,Manbhavan readymade 01 HASANPURA,30905284,114789
9950780385,Mangal Garments 001 KHATIPURA ,15228018,213364
9414320411,manglam fashion 01,27506239,38766
9982834629,MOHIT READYMADE CENTER  001,10780208,13844
9351788858,MONA KI DUKAN 001 JOBNER,10780539,2002
7688830203,MONIKA READYMADE AND SHOES CENTER 001,28325220,14065
9414070347,Oswal Fashions 002,27489454,14966
9828547457,oswal srore,14514297,5016
7023388547,prachi fancy store,9882615,935
8949661582,RAM HOSIERY HOUSE 02,27772671,3426
6350428883,Right Choice,26234113,7382
9314647850,Sai kiran gift and fancy mansarovar 02,27507923,14343
9461017339,SAWARIYA TEXTILES 001,11028860,4442
9784284650,shree hari readymade,27448721,8532
9414569578,Vimal Brothers,27687102,48039
7976313614,VIMAL GARMENT,10978500,810
9887278952,VINAYAK GARMENT 001 siwar mod,15835607,62645
9351729619,shree ganpati garments 001,27507266,48898
9079201096,Vinayak readymade Bindayaka,15563738,1530
9829322444,vinod fancy store 01,27045080,26038
9829922386,Aastha garment  001,27507339,35177
9799561184,Andaz Garmants,26991656,770
7073198058,B K TRADERS,9719615,4848
8955551920,BR collection,28180974,5110
9799639682,Baba janral store Amarsar,9996571,3982
8949740622,Bhargav Fancy,27459930,42090
9314616871,Bhatia Fancy Store 002,28418569,50491
9214901454,BHAVI MENS WEARS,10330812,198
9001605510,"CHOICE GALLERY, PATH NO.7",9349193,85297
9414921608,D. K. Readymade House 002 ,29261740,6612
9829653330,Ganpati Beauty plex,17313790,16398
9782995326,GANPATI GARMENT 001 NEWARU ROAD,27506602,24468
9509947560,Ganpati general store chomu,9142038,18526
9352250545,GANPATI READYMADE GARMENT 001,10058359,352
9413701131,Ganpati wastralay fatehpur,9141967,9300
7976104366,Garg readymade Bandikui,11416945,792
9784665877,hanuman traders bajri mandi001,27811905,22597
9636874705,Vrindavan Creation 002,27507470,5150
9414335426,jain palace sikandra,14387294,1044
9414852365,JAIN READYMADE,10013310,792
9887596140,JAISHIKA FASHION 001,9865633,30219
9772240753,kanha readymade 001,9344713,57433
9214967681,Kapdewala garments,9882693,946
8949554637,kumawat CLOTH STORE 001,10716921,57678
9636155908,kumawat fashion point 001,10964268,119
7733051415,kumkum beauty,28462876,3586
9079906717,Kundan Mobile Point,27477144,924
9782046641,MAA GENDI DEVI FASHION,13677439,18085
9784490049,MAA JAGDAMBA FANCY STORE 001 JOBNER,22993243,133256
9413945319,Manoj collection,29359650,4142
7742631466,Moti Fancy Store 002 ,27507494,700
9785116011,new fashion redimade 001,27507134,1463
9928713357,new goyal store 02,27507681,82110
8003384049,NEW KHANDELWAL HOSIERY 002,30854671,3533
9829653470,palak garment hathoj 001,27506535,902
9460530477,paliwal GARMENT 001 MUNDIYA RAMSAR,27506951,7328
8107533188,Panash shoes cloth 001,10663048,1188
9950001225,PANCHOLI FASHION HUB,9446432,23225
9602199864,PANCHOLI GARMENT 001,27506956,9626
9982684145,PANKAJ FANCY AND GENERAL STORE 001,27507295,29995
9928423410,PREETI COLLECTION   001,13425235,7520
7073943075,SAINI GENERAL STORE,10012300,792
9509507399,shree kishan garmants,31572109,2178
9636350512,Shree Nakoda Collection,19808621,8974
9414576724,SHRI RAM GENERAL STORE,10821419,10998
9887154432,SUBHAM FANCY AND READYMADE STORE 001 BAGAS,11254888,22931
9928465192,SUBHAM GARMENT AND FOOTWEAR 001,11085710,4130
9829072400,subhash hosiery bapu bazar,14587975,5404
9414932031,VISHAL GENERAL STORE 001 JOBNER,11044784,14507
9782003017,HONEY FASHION 01,27062493,2441
9351055420,Anjani Traders 002,25955400,396
9414795169,Ankit Emporium 001,27506791,6858
7877092008,Anky collection dhanota,9996371,7751
8619656204,baby corner 02,11000165,25102
9680281773,BADIWAL GARMENT 001,9143849,17700
8209758300,Bhumi fashion state,11213978,2013
9414957299,classic point,34434667,15467
7568933786,CLUB.COM 01,27508009,8325
9929357532,Colors fashion 001,11432277,85240
9982942420,"GARG TEXTILES, NAYA KHEDA",27506353,20649
9887906369,Gaurav Garmants,34194917,3168
8107313310,GAYTRI FASHION 001,11554094,61482
9887413542,Hare krishna shopping centre Govindgad,9706198,9850
9785621517,HARSH GENERAL STORE MATHURA GATE,29336886,8740
8387930161,Janak Nandini garments 01,27506959,24448
7597303607,JAINISH COLLECTION 02,10995432,6973
9929475121,jatin fashion,10460146,15624
9929092154,Jatin fashion  001,9334330,120821
9414314286,JAWA FASHION,9626041,2554
8949696041,katiyawar Genral,24073386,10477
8905889005,Lakshya Hosiery Luniyawas 02,27508225,64819
8058515822,MAA JISA FASHION 001,29463989,11382
9024499000,Bhartia Handloom Udyog,13977088,2398
8233472102,MANOJ WACH,11158827,8688
9314608252,"MANVI COLLECTION, MPS",33758614,64493
9784583462,Mulani General Store 002 ,27507434,5616
9214680045,Muskan beauty,27694125,5315
9214351404,PARAMPARA COLLECTION,10963965,97819
8952919520,pari fancy 001 MEDICAL CENTER,27506293,17614
9530152418,Prince readymade Dausa,14367853,594
9887706815,priya fancy,27427518,14502
9314884011,rajesh readymade 001,27506668,20627
9829534148,Shanker Readymade,29039124,2245
7014484869,Sharan Nawalgarh,15451930,206190
8952840195,shree shyam collection 001 VISHALI,27507197,3629
9893212112,soft corner,17244484,11250
8233992221,SAUMYA SHRINGAR,34435189,2862
9461043400,Sonal Garments 003,27505431,37026
9602123438,Sundariya garments ajitgarh,28900962,11658
7611871140,Unique collection 003,27506356,2088
9875263875,Vijay lakshmi vastra Bhandar01,27506179,638
9414992244,Advika Collection 02,27507890,30003
9460247472,Agarwal fashion 02,22015180,19643
8946963909,AGARWAL EMPORIUM 001,23766269,17514
9950787851,AGRAWAL GARMENT,11174142,6502
9829600713,annu fancy store 002,29244348,8418
9829775576,ANNU GARMENT AND FOOTWEAR,11085751,12066
8233753692,ANSU GARMENT,14519107,22533
8432850763,BAJRANG GARMENT JOBNER,11046558,2642
9928371709,Bajrang Readymade,29457824,1386
9782293041,BAJYA GARMENT,9592511,1310
9413916800,Bal Swaroop Sharma Helena,29041093,616
9414921609,d k readymade house,14637291,396
9660577830,D K Store 002,27508027,3732
8890359591,evergreen store malviya nagar,16375948,8078
8963041475,FAMOUS FASHION 02,10995213,19278
9309243709,Girraj collection dhanota,9995613,7911
7691057045,HARSH GARMENT 002 ,27507511,16400
9829370456,Laxmi Enterprises 002,18998586,92748
9462606549,laxmi fancy dadi ka fatak,10799961,18
8739997111,Laxmi Fancy Store,31624788,13302
9610555570,LAXMI GARMENT PANCHAWALA,27506181,31001
9001695909,LAXMI MART 001,10800206,550
9784382108,Mahadev General Store,27735665,1408
8823906237,my shop 02,10995310,4816
7073439202,NAGAR GARMENTS,31056974,6174
9694367718,New sangam dresses itawa,9721568,2979
8107009789,parmanand garment manoharpur,10580435,29634
9214460225,parmatma collection,14299803,7616
9694140315,PARNAMI FANCY STORE 02,27507978,1440
8955030525,Priyanshi Fancy Store 022 ,27507604,3686
7737573439,PRIYANSHI GARMENT,11176883,74100
9887083048,"JAYESH GARMENTS, ROAD NO. 17",27506853,17332
9352963015, ROYAL CHOICE 02,10530972,165855
9928656568,ROYAL COLLECTION 001 ram kutiya,11030714,17467
9828556753,royal garment 02,10511749,2640
7792045006,Sangini fashion,9721365,21881
9680058168,SIDDHI VINAYAK  TEXTILES  DHAWALI,9741648,30612
8112216441,Shri Arjun Garment 001,19515424,15698
9929715060,SHRI BALAJI COLLECTION,10964009,1764
9928800900,Shri balaji collection dhanota,9995507,12769
9509951648,SHRI BALAJI FANCY AND GIFT 001,33457490,26825
8094000087,SHRI BALAJI READYMADE AND FOOTWEAR 001,10101163,158121
9928850820,Shri Balaji store 001,27507136,1540
9887606233,Shri bhagvati garment kanwat,9144031,990
9829516471,SONU GARMENTS 01,27506164,36309
9509078817,SOTHIYA FANCY STORE,23024901,7252
9829181210,Sunil Fancy,17304077,11995
9509821501,"VAIBHAV AND VISHESH GARMENTS, MPS",27506294,2395
9983353708,AJAY GARNAL STORE 01,27506703,6088
8306827436,Apexa Garments 02,28910210,7068
8233237537,Apna Fashion,14299998,2654
9460339700,Arcade Agency 002 ,29228176,29527
6350497085,Balaji fancy lalchand pura 001,10060756,16916
9314911300,balaji fashion 001 kata ,27506455,52611
9829853572,balaji garment MADICAL CENTRE 001,27506296,87621
7742830880,bombay fashion sale 001 DHAWASH,26778828,8475
7737992355,Dear Club 001,10663050,29523
9829182707,Deep Genral Store,28250295,31622
9887785480,Gopal fancy 001,9359126,23655
9829082100,gopal readymade,31675738,10632
9413005879,Himanshu collection,22009612,5383
9782576288,himanshu hosiery 02,27507750,31050
9460149044,jhlani treders chomu,25403340,5874
9667414908,jhulelal fashion 01,27431545,7914
9829098529,KHANDELWAL ENTERPRISES 02,23601725,40462
9799231029,khandelwal garment 02,19034198,6154
9928457100,Khandelwal General Store,29510289,2805
9982344366,KHANDELWAL HOSIERY 002,27507751,29220
9887872740,Khatri Readymade,27006314,99
8233669520,KHUSBOO FANCY AND GARMENT 001 HATOJ,12695713,1462
9950378138,KHUSBOO READYMADE GARMENT 001 bhankrota,10100591,7304
9314403652,Lekhraj General Store 002,27507943,7488
9024545723,MAHALAXMI FANCY STORE,11209611,24135
9928366517,mayank manni creation chomu,9142234,53827
9460082211,Meena General Store,17263434,7002
9413561210,NAMOKAR FANCY AND GENERAL STORE 02,11000560,18294
8690273216,Nanak Fancy And Genral,28701089,2176
9887121479,New style readymade itawa,9721233,103684
9784256076,parvati textiles 001,27507331,229021
9549750793,PATIDAR GARMENTS,18945750,11001
9252178138,"PUNEET GARMENTS, ROAD NO. 2",27621568,33172
9414571656,Pushpad readymade,31536123,1634
9314171775,r c store,14594837,25563
8562820268,Ramavatar agarwal 002,33402679,6528
9782460887,Ramchandra collection hathoj 001,27508064,7774
9829247218,Shiv fancy store 02,17173088,26885
9829084002,SHIV GENERAL STORE,29385801,6886
9636861961,shri garments,9609227,4050
9166164112,shri krishna,27684576,7506
9784534003,SHREEI KRISHANA ENTERPRISES,11214121,20619
9314216219,shri krishna READYMADE,27508299,14978
9887507142,shri krishna readymade,27626096,7674
9828788895,Shri krishna readymade 001,9672022,56232
9680718358, Narendra Readymade Badi chopad 001,9344241,41761
9414072943,SHRI OM FASHION 002,10948631,17428
9460091350,Shri Parshvanath Fashion 002,27507475,22744
9460747047,SURBHI FANCY STORE,17302019,9624
9314267785,VANSHIKA FANCY AND KIDS WEAR 001 bhankrota,11102294,3759
9982161487,Vardhman Hosiery,14301138,308
9511301951,yogita garment  01,27507985,2042
9829486538,Yoshita Cosmetics and Fancy Store 002,27507496,17153
9660666461,Arjun collection kalwad road,10235998,21354
9950153024,"BANSAL GARMENTS, LOHA MANDI",10721017,79282
9829587933,BS Fashion 002,27507605,2112
7737963364,Deepak readymade manoharpur,9739185,24513
9460195299,KALYANMAL JAGANNATH,27689134,3672
9929750250,"THE FASHION PLATINA, VDN",27506964,24867
9414840373,Fashion point,10039702,20025
9462625552,gopalka collection 01,27506754,54574
9983078298,GORDHAN AND SONS 002,27507435,8260
9462816549,GOVIND GARMENT,9999619,594
8947040001,Govind general store mahwa,11459140,4536
9602471791,GOVINDAM GARMENT 001,27507200,94152
8769045863,Govindam Garments,10659721,1056
9785574586,govindam store 002,10598212,10494
9782133535,Goyal collection 01,23079637,29217
7073469624,INDRA COLLECTION 01,28907392,10013
9694222414,jiya collection itawa,10220990,205
9214611106,JK motors,27928876,1600
9414420866,Lodha Garmants,26991643,13104
9414273912,Mahaveer General store,34003663,14775
9351693150,MAHAVEER VASTRA BHANDAR 001,27733847,17294
6375872123,Narendra readymade katla,10783254,73156
9983801196,PAWAN FOOTWEAR AND READYMADE,13429094,19297
9460634344,pawan garments 001 KHARDHNI,27506357,42362
9414329835,SHRI FALODI GARMENTS,17165232,60534
9828921954,phoolchand brijmohan 002,27391895,68499
9057589804,R K Fancy,27625513,8728
9461588151,R R GARMENT,10014034,1188
9829277476,Radha govind garment ajithgadh,9360817,15188
8233837995,radha govind store malviya nagar,16374945,3052
9414042570,SHRI RAM JI KRIPA NEWARU ROAD,9142715,10566
9351711933,DINESH STORE,11557954,21770
9829111481,S D fancy store,29359889,1000
9166466077,S K ENTERPRISES,27380635,10228
9782086801,S S STORE,10070955,396
7568735102,S S store chomu,10301665,8574
9887307914,santosh fancy store 02,27507682,21740
7740993748,Sanwariya fashion dhanota,9996250,2027
8290692447,SHIV SAKTI GENERAL STORE,10011784,2842
8955585141,Shiv Shakti Hosiery 002,27507716,16683
9828101091,Shiv shakti hosiery panchyawala,27506183,7002
9001675587,Shri Radhe collection,27418513,4254
9413156880,SHRI RAM GARMENT 002,21848848,54398
9785883143,shri Ram Kirana Store,31520677,8806
7375863120,Shree Ram Readymade Center 002,27507416,11954
9001111164,shri ram store katla,10365887,343813
9829100862,SHRI SHYAM CLOTH STORE 001,11123006,3976
9799395802,shri shyam fashion 02,27507986,11464
9414408408,vardhman Fashions 02,27507717,74867
9928906996,Varsha hosiery fancy 001 JOSHI MARG,27507201,4320
8619242153,varunath readymade Chaudhari,14565744,462
8952875540,Vatika fancy 01,27506244,12835
9414746417,SHYAM GARMNETS,16642070,21263
9950953164,Shivam collection,16712894,14250
8949927310,Annapurna Creations 001,10023864,16211
9694229394,Balaji Footwear And Fancy Store 001,9143859,11926
9928566811,Bana Readymade 001 JOBNER,10780096,8926
9413927256,Bharati Traders 02,9792734,3487
9829364575,Bhatiya Hosiery and Garments 03,27280606,1386
9982396803,"Bindayaka Readymade garments, MPS",18720600,187471
9784345383,Dhanvantri Garmetns,11417834,2470
9351455325,Diya fashion,9604859,8550
9783863671,Ernota Garmetns 001,28620009,3085
9413967736,FASHION PLANET 01,16646708,101113
8690906295,Govindam Hosiery sale  02,10720686,131024
9829253291,Guru Kripa Shopping Centre 001,10779378,6486
7877839798,hindibhasi hindvasi antim muly vikreta,11214463,2410
7073680746,HSB fashion point 001,10913948,18486
9602747110,Kaamdhenu Collection 001,9622434,22406
9079944539,Kanha Super Mart 001,29043827,38034
9887234833,K K COLLECTION 01 ,27294873,39204
9309333851,Krishna garment 001,17301835,63379
9929950058,Life Style,27789669,12402
9214181418,MADHU GENERAL STORE 02,28201398,770
7891654217,MADHU FASHION POINT 01 VIDYADHAR NAGAR,27361435,27042
9413348923,Monika Collection 001,9358006,36954
9314506473,Mukesh cloth Store 001,11505234,12598
9571701253,Mukesh clothe store,34962271,37434
9602747195,Mukesh fashion end matching 001,11435931,7886
9828320890,SHREE NAKSHATRA COLLECTION 02,9358236,31774
9887292153,Narayan Super Store,10464183,61473
9772724841,New Shekhawati sports 001,9636848,23727
9887609945,New Shiv Fancy Store 001 JOBNER,10780018,15758
9772841002,Parvati Textile and readymade Emporium 001,22941307,16433
8890025116, Garments Collection 001,25359068,2304
8696272852,Payal Fancy store 001,21817831,9517
9928999222,RADHE RADHE FASHION,34415565,704
8619749033,RAKESH FANCY GENERAL STORE,10546208,576536
9414335699,Ritu Hosiery 003,9346641,5668
9829636821,S K Garmetns and Matching Centre 001,10023884,47863
9887251925,Santosh fashion hub,17173850,990
9887153589,sharma garments 001 SIWAR MOAD,9444566,5374
8504005896,Shivam Department 001,9622125,11151
8200248299,Shri Collection,9819546,23706
9314187007,shri govindam 01,27229611,76141
9414744082,Shri Hanumant Kripa,9592099,10455
9887474113,shri ram garments,21951815,4708
6350181199,Siya Ram Fancy Store 001,9622382,9037
9587881529,PRIME MARKETING 01,15860986,45599
9772104225,Sri Ganesh 001,9459338,14541
9929626087,shree Ganesham Deeparment Store 01,28343073,978
8559993338,shri Karani Garments 001,9964295,1584
8209475184,Sri Raghav Fancy Store 001,9621957,12325
9460766976,Sudesh kumar and sons,27774282,50892
9602618340,suhag Enterprises 001,9672247,308
9214042217,Swayam garments 01,27215810,32869
9667421611,Tambi Uniform Garmetns,25286580,5400
9983095959,The Fashion Club,11736601,660
8619457616,wi fi collection 001,9142509,50332
8619487616,wifi collection,9637061,2566
9660461906,Pawan readymade 01,16663299,92914
9602957188,gangour fashion barkat nagar,16811470,9606
9414662724,sim  sim,16808723,1044
9414584353,PRAHALAD GENERAL STORE,16861857,1958
9351200520,BANSAL GARMENTS (RUDAWAL),16911602,29029
9414977350,DOLLY GARMENTS,22276764,4547
9950896955,Mahesh palace,16667520,1848
9784322306,Raj book depo,16932347,1386
8104977777,Jamvaya Mega Mart,9591904,14274
9414556652,Lakshmi Garment bandanwada,34531382,5582
9166522249,Himanshu hosiery Sanganer,16682414,2952
9785602525,Morden shoes center,16897918,15540
8003369308,Pari Fancy And Hosiery 003,16659005,12630
9413472784,Riddhi Siddhi collection Mansarovar,16662713,594
9694581831,shri Raj footwear and sport wear 001 kardhani,9142968,49282
9314612875,Aashirwad garments Joshi Marg,15967138,108
9829123381,he and shee 01,27506249,10026
9829016857,NR Mart 001,16077991,159245
9351333744,JAIN COLLECTION & GIFT EMPORIUM,18017073,36483
9461591534,Maheswari Collection,19750320,3948
9929217497,Mubarak Collection,27692427,34401
9799611833,Sun Shine Collection,27692130,28395
7791921749,Jai Ambey Textile 01,16989708,19673
9829504800,Sangam cosmetic,16992321,990
9928799687,Shivam departmental store 001,15659859,24254
9929323201,Shree Vardhman Store 002,27572951,21184
7615820279,Shri Shyam collection 003,27508119,1232
8078613491,Amit garment jhotwara 001,34431531,96561
9214501121,"ANIL FANCY, SIKAR ROAD",27045042,14328
9610736532,Ankur garment 001,17302900,30905
9414778994,vijay fancy store 01,24913200,6687
9928332291,VK Collection mundia Ramsar,15566705,1485
9351595151,Laxmi Collection 001,27506538,12654
9587404252,M B Garments Rings,15733399,5136
9622363600,Pooja innerwear 001,15230355,5742
9783705406,Rajlaxmi Garments 001 bhankrota,15587579,4684
9024890212,jainesh collection 02,27507830,198
6388563141,Shri Shyam garments bajari Mandi 001,14198838,8666
7232894591,NR MART VDN,14765741,40284
6350213154,SUNITA saree  001,9143273,54933
9829341588,Bombay gift and fancy store 001,20230727,46513
9351407607,Vinayak Garments 001 KHATIPURA,28063589,34800
9413629161,Meena General store,17263434,5040
9772841003,parwati textile link road,13460866,396
8209136874,Pooja collection 001,24987818,33220
9785004552,Radhika Garment panchawala 001,27384680,23158
9414826590,Shankar garment 001,27506359,37683
9001104770,goyal garments Jhotwara 001,27506190,31168
9680869639,indu readymade,27506191,24592
9928447300,youth and style 001,13801689,2404
9414206143,Mahesh garments Pratapgarh,22389913,308
9782877618,Maruti Fancy Store 001,13800646,15492
9887511198,LB READYMADE hosirry,27506969,14444
9602467345,atri Hosery,17470537,7569
9413586129,Baba shyam garments kavt,9531509,1584
9461396812,fashion point Reengus,12090797,8280
7073585616,sakshi footwear 01,13367736,1672
9269122771,SHIV GARMENTS 02,12827051,9234
9828057992,lata fancy murlpura01,31273146,4287
7792052112,S Fashion 001,27506542,3660
9672829629,SAWARIYA COLLECTION,31537412,8773
9929767361,Sarla fancy store 02,27507734,13430
9928747320,Shiv collection 001,9347275,1078
9799363636,shree ratan enterprises,29721230,56106
9511306842,shri fashion 001,12179878,2214
8290640299,SN Enterprises Kamla Nehru Puliya 001,12508062,396
9314842310,navdha collection Malviya Nagar,17065597,3912
9079919933,outlet brand neemkathana,24359068,1650
9001719456,Payal Garment 001,12618772,110957
9829229189,Vinod fancy and gift store 02,27507847,4248
9929689194,Pooja callections,26654023,1980
9928622959,RAJENDRA HOSIERY 02,27507736,5890
8955618558,Janta Fancy  Hastera,27025841,4918
9664003391,Amarsarya Garment 001,12045505,17902
9887349999,ANANTA MENZ  001,11522630,1683
8112299038,manglam garment 21,10658810,4728
9928399013,Vikash garments khojroli,20594522,4647
8946882725,Pratibha garments 001,12048637,14112
8094334011,Rajdhani ghadi path,11522933,7758
8290615073,Rajdhani Supper Market,11736040,15813
9829044166,gauri fashion vaishali,27926033,2034
9887291483,JHALANI GARMENTS 02,27507812,10015
9680506055,Fashion Way 001 bhankrota,10138257,28139
7413005875,fashion way joshi marg001,10578757,7235
9829705651,Guru Kripareadymade & garments 02,19960785,14976
9828925294,H k ,9386369,396
8829044023,KHANDAL FANCY 01,27506469,7178
6350198736,MR AND MISS,27021779,2640
7691815610,Mukesh Hosiery Jagatpura,10547226,10057
9783281828,NEW RAJ COLLECTION BHAKROTA 001,9143889,12382
8104280190,Patel cloth Store D C M,22041471,3034
9549459923,Shri Radhe Collection 001 GOVINDPURA,27506360,57738
9461172094,Radha Govind hosiery 001,11191798,1188
9983704484,Shanti Enterprises 02,10118939,52572
8824622111,Sharma Store NIRMAN NAGAR 001,28968600,20701
8302786743,SHE CHOICE 01,30855903,2112
9782968870,SHRI IG FANCY AND BENGAL STORE 01,31200657,15612
9521862743,shri Ram GARMENTS 01,27506973,3139
9667002704,Shri shyam collection itawa,23078007,7560
9829965569,Shri Shyam Readymade 003,21981900,20391
9571855871,Andata cosmetic 001 NIWARU ROAD,27506544,6308
9460209855,Bafana Brothers kishangarh,25276701,1554
8058350350,BrahmanI ,10945716,1023
9982466382,DESIRE FASHION,14845206,1134
9929620646,dharma readymade,21169993,12768
9649940401,Gadiya Dresses Kekri,29047337,23007
9785431275,GALAXY FASHION,28735712,1254
9829017392,HARI OM TEXTILE 001,9771229,78674
9782121381,Harwani Fashion Sarwar,29718838,47702
7568150517,JK hosiery And Craft 001,10961452,12838
7737681076,Nisha hosiery dhanota,27478088,1494
9928343640,Pooja Garments and Footwear 002 ,33311314,3438
9529183423,RAJ COMFORT 02,27507900,20885
9928983111,RN Beatuy collection Tonk,31187563,13545
9829890744,SANGAM GARMENTS GOVINDGARDH,26989140,15220
7014736601,Sangeeta Hosiery collection 02,9357704,29278
9602872014,Shiv Redaymade Khaladera,17891066,56506
8963841851,Delhi emporium 02,27508136,35433
9462661105,Siddharth hosiery 02,10119909,1008
6375533626,Subham fancy store 01,27506708,8440
8824182880,unique collection Emily Fatak,10560815,9162
8233660153,balaji fashion 02,27508262,13689
9660015524,BALAJI FASHION 001,27506192,9726
9928130447,Balaji super Mart sircy Road,9443376,5214
9929272025,Chahat readymade garment 001 JOBNER,27507021,28728
7737766117,Chaman Fancy Store 02,9359801,1723
9887603543,Dinesh readymade 001,9447337,8259
7976899535,shree Ganesham Life style  001 ,9385234,20124
9660100415,GARG DEPARTMENTAL STORE 02,9143825,12262
9631322884, GARIMA FANCY AND GIFT STORE  01,27506608,11368
9460557469,JYOTI STORE 02,27507739,106202
7737811060,Krishna Fancy Store 03,10298763,6971
7611823119,MANSI FOOTWEAR PACHAWALA,9142355,792
7014570486,kandira shoe Palace 001,28059894,77734
7737160454,Naraniwal Traders Tonk,30028475,396
9124685674,NATIONAL SUPERMARKET SIRSI ROAD,9142607,43780
8780673704,national supermart Gandhi path,25375128,839742
9829035448,O M CLOTH STORE BAD KE BALAJI,9143977,38883
9509460905,RAJ FOOTWEAR 001,27507516,1628
9509460903,Raj footwear and hosiery Store 100 fir road,10578003,17142
9461302976,Roopsi 03,27505845,4390
9667615399,Sumit Garments 001,27827233,18745
9887411412,sunil COLTH store Amrsar,27125122,16225
9887333159,Charul Fashion 003,27506373,2079
7665182768,dream she Ajmer,10285120,7666
9929792139,krisna tailor Nayan,21635336,12078
7014344334,MAAJISA FASHION 001,27506762,6524
8279249729,Navrang  Cosmitik Ajmer,17842845,2352
8118824567,Neha Fancy Store 001,10596586,5648
9799582602,Ori Ori Fancy Store 001,27507297,2002
7742241808,Rajawat textiles 001,27506764,4876
9928445564,SMMG JHOTWARA,9143188,891
9929689992,Sohana Tonk,30025226,3235
8696231566,solha shanger 001 VISHALI NAGAR,27506256,15570
7597859300,Sonal Garments Mahesh Nagar,9342147,7788
8003031677,Sonam garments 001 ,9592118,7874
9252776769,Surbhi collection 001,9343691,594
9214979018,Suresh General Store kekri,29248504,11392
9887459481,AGARWAL FASHION 001,27506867,29079
9982951624,Chodhary Garments 02,9358024,5270
9460542346,Chodhary Readimade Emporium 001,9344362,4834
6376408431,Ernota traders panchawala,9432821,0
8824241893,Facebook Jagatpura,28585941,396
7742290181,INSATRAGAM FASHION MAHESH NAGAR,9143388,21390
9649710816,J K FASHION 02,9143820,3270
9680260316,J K GARMENTS 001,9143848,308
9660302611,JAGDAMBA GARMENT 02,27507961,251559
9829932119,Kumawat garment 001GOVIND PURA,21852109,646145
9251476747,MADHU GENRAL STORE 02,9358889,48615
7891389275,menz fashion Point 03,9607767,16401
8851619763,MG fashion Mansarovar,10603070,396
9829581846,Paliwal garment Mundiya ramsar,10267448,2830
9829345547,Rakesh Emporium 001,27507024,3978
7014195740,RAM JI CALLECTION,29661202,5778
9983196715,Satguru fancy store Malviya Nagar,24162607,308
9602440293,Soni Garments 001,18963800,42772
8387896770,Agrwal Emporium,9341977,2640
8112283189,Ajmera fashion Murlipura 01,27431551,12122
9116446635,CITY MART 001,27507332,51667
9024221727,Gopal Sweets And General Store 003,9346499,8878
9828392075,Goyal fancy and stationery 02,9604656,81476
8696301070,Goyal fancy Mansarovar - 02,9605003,16420
7976390567,Goyal fancy store Malviya Nagar,10298119,25238
9829360165,Goyal Hosiery And Readymade 001,29145969,40670
9887498372,GOYAL TAXTILE CHALA,9144027,7260
8946962170,KANDERA FASHION ZONE 001,9142544,1188
9928520776,karina fashion D C M,9384336,704
9414306548,Lakshya Sales Agency 001,27507269,6210
9829824499,"MISHRA FANCY & GIFT STORE, DADI PHATAK",27149478,7655
9166876901,Mittal Fancy Store 001 BAJAJ NAGAR,9346073,30486
9782529361,MITTAL Garments chtricut,29651967,4536
8005631094,Modern Mega Mart,29141149,6560
9929601472,PRIYANKA FASHION 001,27506386,45107
9785408380,Priyanshu gift shop Bagru,9462251,3744
9829056845,Ram snehi trading 200 fit bay pass,9457081,2196
7062706277,SAWARIYA COLLECTION 001,27506868,6789
9929715017,Sagar garment and footwear 001,11254893,37231
9001976242,SEEMA FANCY,15565097,660
9461869511,Tambi Agencies Tonk,30023461,5612
9461867273,Tambi collection Tonk,30025670,4104
9460190480,Vinyak Collection 001 NADPURI,9404419,6850
9602972917,Vinyak Fashion  Shayam Nagar 03,9404034,1980
9413205881,Bharat fancy store Malviya Nagar,27586455,42566
9251264606,BHARAT FASHION WORLD DHABAS,9143620,4110
7297964900,BHAVIYA GARMENTS KANWANT,9143328,1188
6378779139,karni garment footwear 001 MEENAWAL,27506870,2665
9829051223,Modi fancy store 001,27507822,35028
9783972211,Mohan GENERAL STORE Kumher,22520004,72
8058497993,Mohan General Store kartar PURA Phatak,11195693,924
9929071897,Shankar Hosiery Sarwar,29046309,20255
9282212147,"SHRI BALAJI FANCY AND GIFT STORE, ROAD NO. 14",32559959,181316
7230077856,SHRI GOVIND STORE PACHAR MOOD,9142338,770
7737036963,THE FASHION CLUB 001,9431498,9023
9667305537,THE JAIPUR READYMADE 03,10951571,704
9001163334,Vishnu garment Bandikui,25298699,1782
9309472296,baba fancy store,23605333,19554
9887077014,blackwell 02,9604344,13890
9929490442,FIRANGI MENS WEAR VASHALI NAGAR,9144077,6062
9462484744,Hardik Family Wear Kumher,10798208,36
9783311119,Jay man Vaishno Neemara,9446043,396
9929628303,Jay Shree garments Malviya Nagar,10297635,27898
7014894665,kings Coanar Ajmer,29069893,1278
9782286659,luckey taxtile 01,24596981,15826
9314632069,Mangalam Garments 001 VISHALI ,9387969,56396
9414525952,MANGLAM SHOE WORLD 001 KARDHANI,9771604,18572
9799581210,Muskan readymade garments Kamla Nehru Puliya,10525173,770
9829980288,personality collection,17059876,22278
8619654062,RELOADED FASHION NANDPURI,9143515,4866
9309333335,Riddhi Siddhi Garments  02,18375260,80979
6377273639,SAKSHI COLLECTION KALADERA,27020797,82102
9928910052,Sakshi collection  001,10782283,67379
7014672210,SALONI HOSIERY PACHA WALA 001,27506872,22724
9602570002,SHIV HOSIERY AND GARMENTS 02,27663682,231
9460526638,Shiv dresses 001,10913521,4640
9928299000,Shiv Garments 02,9361508,1562
9413595393,SHRI VAIBHAV LAKSHMI COLLECTION 01,27437914,3429
9829014074,Shubham Fancy panchywala 001,27506873,18792
9950686350,Mahak hosiery nargarh Road Jaipur,17014818,17616
9414889426,PAWAN FANCY GENERAL STORE 01,17038853,0
8058900040,Raju Cosmetic,35163484,1980
9799311190,MANU FASHION Point 001,28159745,13666
8239947700,Khatiwar general store,30159544,20304
9079249098,raj fashion point Wajirpur,17122829,594
9829075954,DINESH CLOTH CORNER,34459539,9477
9828203141,Handloom house Fatehpur,17214212,5400
9414957211,Classic point Readymade Garments,17246945,23538
9783138400,Ankit General Store mukundgarh,17264728,1320
8769395758,Himanshu Garments Jaipur 01,27431555,143449
9783268975,Krishna garments Jhunjhunu Bus stand,17173048,14160
9414272164,khushi garments Jagatpura,17306676,3114
8441869345,Hemant General store,17324395,946
9485058977,mahi fashion niwaru road,17370239,2403
8824959678,Aditya Collection 001,17378163,22775
9799964004,K K Collection,17378187,660
9782206657,KAMAL GARMENT 001,17515985,11193
9828580372,Triends Mens wear boraj 001,27507177,19611
7014956810,Kothari Agency Bharatpur,17423767,16332
9828302694,S K Garmetns,24822247,6969
9929097850,Feelings vishali Jaipur,17451350,2700
9636821233,ARADHANA SALES VISHALI 001,27508169,10006
9828779178,j J collection,17452796,9877
9610738625,Shivam redymade,34205469,13616
9887167158,poornima fency store,17472829,740
8005814759,essentials 02,31512030,137848
9352243469,geeta collection,17509550,154
9829072282,sai cosmetic,17512457,7283
9214675488,dagdi collection,17530259,18785
8005908895,Harsha garments,17529818,12907
7597873434,Jain cutpiese,17529449,19684
9829071535,Amar Hosiery,17530663,9718
9982128948,cosmos,17538851,1848
9982005533,rikhab store,17563455,27867
8690018300,mahalaxmi sadeez,17579824,2557
9772458345,Angira garments,17670767,40440
8824579042,Anjani collection,17672127,1782
9480937372,Ardh Sainik Canteen,9607890,7560
9610511172,Indrprasth Export clothe,25274319,3600
9828801121,Parvati cloth store,17672666,3468
9828036387,Suman Emporium,18127059,1650
8078643718,Vinayak Shoes  Collection 001,27791763,72405
9950273224,m r fency store,17678046,2294
9783355661,Aklank traders,27992993,10140
9999999999,Delhi emporium jaipur,17703947,420
9460680167,Bandhan garment,17708759,16160
9460360004,ankur store,17717949,1144
9660061117,Bhagwati garment,17721335,10753
9829511966,MAMTA GARMNETS,17719160,5379
9828010416,Modi Fancy Store,11047317,5040
9351772448,Players Collection,17722725,8406
9214827972,Alankar beauty,27441129,2970
9588815366,shri Hanuman Textile,17748776,1620
9571700170,Riddhi Siddhi patient Pushkar Raj,29152934,1260
9610584370,Nikhil Garmants,27450189,1386
9414227313,Hindustan hosiery,30089842,1800
9251066221,pakhi collection Ajmer,31109228,3167
9799949800,Raja sahab,24832175,1155
9636091401,SEE OVER CLOTHING,17804434,594
9166185085,namdev brothers,17843587,41070
7737151732,shavun collection,17844006,7262
9460021631,Shri khandelwal store,17842402,15084
9636013293,beauty corner,17846211,32985
8000810772,hariom beauty,17845760,726
9414429673,k k fashion,17844997,12545
9660752631,ROYAL FASHION KALADERA,17891336,15127
9413694350,Gupta Footwear and Readymade 001,17912465,1164
9928717740,Bajrang fancy store Khejroli,17917840,32586
7014185933,Kumawat Fashion 2 Karni place,17915690,7245
9782105029,Lakhadaatar fancy end gift 003,17936131,53237
9772875397,PARMANAND GARMENTS AND FOOTWEAR,17946036,30594
8619782969,Bhagwati footwear Manoharpur,17948288,16772
9414394941,Arya hosiery,30920590,11700
8107805303,Santosh hosiery sel  001,27506484,27090
9414291789,Akanksha dress,29339889,10527
8104046945,Hariom General store,18055036,2584
9414461449,MOHIT CLOTHINGS malviya nagar Jaipur,18155398,2112
7854295840,pahnawa Malviya Nagar Jaipur,18155181,3520
9783541214,Khushal Das khemchand,18158598,30882
9785305741,Ramnivas cloth store Ramkui,18194227,476
9928631572,Shri Govind store  PACHAR MOAD 01,18201617,3662
9887330701,kamdar gift end fancy 02,27507996,6077
9413142790,"SHREE SHYAM FANCY & GIFT, DHEHAR KE BALAJI",27507178,61002
6375503005,shri charbujja Garmants,32577630,3500
8619122480,Khandelwal Fancy store,35551523,792
9314476477,Om Tranding company 001,18374499,18121
8104108099,Jai Jawala garment 001,9142440,15652
7014144937,DULHAN BEAUTY & GIFT POINT,18447783,8417
8302020220,Ridhi sidhi wala,18469328,11754
7014842339,N K store,32506560,16950
9079644713,Dayal garments001,34651010,5093
8529969298,Govind general,18574304,1760
9024387611,shree ji general,18576480,19096
9829577649,aarti fancy store 01,27507257,36804
9772864184,Ambey garment kaladera,9704202,51167
9314886767,khandelwal hosiery 002,27507023,7968
9829380838,Kohinoor garments  02,18864521,23404
9413620010,Sheetal store,30816526,2453
9314383595,vijay general store kaladera (Deleted),11176884,6620
9314563475,vinayak readymade kaladera,11627976,71283
9929022648,Shree Shyam Hosiery and Readymade,9429933,14552
9785063942,PIYUSH GENERAL STORE,18663749,792
9887062994,MAA SHAKHAMBRI ENTERPRISES 01,16010139,1474
8952096266,Bindayak READYMADE GARMENTS 01,27506166,-360
8890882235,Hare Ka Sahara,25269869,9750
9602517362,PREM FANCY STORE 01,21754484,43149
9414306815,N R MART,18722214,21744
9314421188,shivam garments 02,27507877,3522
9351466974,Shri Shyam hosiery kanakpura,18745034,12313
9588016067,Hriday Hosiery  01,27023080,24182
9414839245,Dayal garment 001 NEWARU ROAD,27506399,26315
8946953822,Riddhi Siddhi garment 01,27506777,625
9460213730,FASHION PLAZA 01,26586662,117875
9672166040,JAIN FANCY STORE 02 ,27507686,30708
8955836591,shri ram garments 03,27709945,8494
9460634117,Anil Brother 001,18963888,8601
9929191535,Sri Radha Govind Garmetns 001 bhankrota,27506778,10120
9414461124,Super Sales 001,18964028,129673
9694436569,Thagan Textiles 001,18963834,20375
7240751234,Zee sales Vidyadhar Nagar,19033485,2640
9785988582,Sanjay readymade Nadbai,19063442,112
9602481662,Hosiery wala 001,23045500,3519
8209077839,om fashion 01,27507062,8482
9468593047,New Shekhawati garment New Year,19086828,1144
7014888469,JUTA.COM 01,19121656,2376
7728914819,Mahesh Footwear Boraj,19170743,3168
9001920414,decent choice jaipur,34547177,6564
9314533563,G.S Sports 001,27506552,6542
9928761786,fashion Avenue 002,19386484,3256
9799266770,BABA FASHION MURLIPURA,27320423,13048
9828011429,Shri Radhey collection 01,19412575,2816
9680333389,ARJUN COLLECTION 001 KALWARD ROAD ,23300431,9658
9456593047,new Shekhawati niwaru road,28199021,6215
9024054923,Manohar Hosiery 002,30064284,19222
9829011983,Murli Readymade 002,27508072,8423
8058121120,Prince Garmetns,19869197,4608
9982822782,Shiv Sundar fashion hub hathoj 001,21955997,792
8949326736,Jagmina Beauty Collection,27615150,10152
9426757655,Anaya garments Kisan Marg,19894390,750
8058300350,Brahmani Garmetns 001 CHITRKOOT,19938844,32171
7014115587,Tanisha stationers and hosiery,27622235,3861
8952826007,Morwal Garments 001,23020657,3834
9782132816,RC Garmetns and  footwear 001,9444779,8064
9782329139,THE MENS WEAR 02,20085243,6725
9784637254,FAMOUS BEAUTY 02,27507689,198
8209847569,Godha General Store 02,27507676,13842
9414784682,Shri Vaibhav Trading 002,27507944,5296
8769520409,ENJOY FASHION 01,27431561,12424
9251715480,Indira fashion point Nadbai,20129243,4028
9718175559,"PRIDE FASHION, MPS",27431567,13704
9829561721,"SINGHAL READYMADE GARMENTS, MPS",27431572,40823
7062822608,VIJAY FANCY AND GIFT CANTER 01,27431575,21450
9782153777,"YASH COLLECTION, MPS",27506306,13384
8003053551,Balaji garments mobile Helena,20209292,1166
6376472520,Bhutoli garments Halena,20208993,9291
7062474795,"RASHI COLLECTION, SINDHU NAGAR",20209889,41012
8529902609,The fashion gallery,27566838,8415
9509947563,"MAHALAXMI HANDLOOM, MPS",11220614,180247
9929140099,Sachika Fashion,20237909,14270
9887407587,Maa Collection,18573511,2156
8104051457,Royal Fancy,29873099,3597
9818941052,S M SHOPPING CENTRE ABU ROAD,34876604,1650
7891417306,Krishna Genral Store,29527205,27718
7062770077,Sanwariya Collection,28619496,13825
9269196518,Navratn hosiery,20425377,12250
7597541658,Savi Collection,20432610,3300
7062566617,Hk enterprises 001,27507271,40204
8955056256,shree Ganesham Fashion Point 001,27507204,48639
8003519912,Balaji menswear,20533389,308
9521595924,Prem readymade 02,27507962,594
7690053284,Ruplaxmi Redemte Hastera,20537891,231
9799265137,vishal fancy stor Alisar,20538606,1832
9461594203,Dheeraj Garments Ajmer,20644193,1320
9782521326,Sneha Beauty collection Dausa,20648246,594
9166811743,Shri sanvariya garment road number 1,20711021,2448
9314880787,LAXMI FANCY 01,27506554,3933
9024547713,garima fancy,20749125,32
8890493620,EX SERVICEMEN CANTEEN 01,27506781,37903
9828302155,Parshwnath vastralay,20769308,1716
9828828781,pink city enterprises 01,27507298,275827
9983353779,gajanand suresh kirana store 01,27507850,4066
9414752131,SANTOSH KIRANA STORE 0,20847422,16765
9057586013,Komal garment 001,20859328,1080
8290052619,Mahalaxmi garment,34514692,3014
9928470287,G S FANCY 02,27507908,5406
9636316551,Laxmi Garment,20954135,3728
9413981984,R R fashion Jaipur 01,27356607,1869
6375212425,shree sai fashion Jaipur,20997369,36115
9928110454,RAJPRABHA,26982391,57876
8209307274,"RADHE FASHION, RAJAWAS",27507029,107905
8209038902,Fashion track,21171693,616
8739814787,Sri Bake Bihari Under Garmernts 001,21295645,11674
9468818875,Alkah garment Malviya Nagar,29321801,6956
9314343121,Narayani sales 001,27506610,6566
8442004264,"sun moon collection , 001 NEWARU ROAD",27506403,24148
9483863671,Eronta Trade 001,21521319,396
8003040753,LAXMI READYMED,21526028,6308
8824159805,jangam hosiery Karauli,28277605,13935
9950455345,Sania readymade garments and footwear rings,21547997,7176
9983225455,Sharma trading Karauli,26528162,5050
8949912940,Jagdish Dilip Karauli,26527258,1958
9828480714,Shri shyam Readymade Store Rings,21551397,9638
8107543140,ASHOKA FANCY STORE,21606484,7751
9252150309,SAWAR FANCY STORE,21606770,231
9636724643,Shree Mangal Murti garments 001,21712045,45344
9983347070,Lavi and gift Store Joshi Marg 001,21716716,9911
8302135698,Shri Tirupati sarees 001,21715654,40461
8560873221,maa Bhawani readymade 001,31841200,154
8104291584,Shri ram collection  001,27506555,19980
9929217809,Durga maa cloth store 01,27506488,20557
9829706700,Sagar vastra Bhandar 01,21752984,6938
9783900222,vatika fancy Nadi ka fatak,21753373,894
7023780556,Dev collection Nadi ka fatak,21755766,2646
9694402030,gaur readymade  01,27167272,5676
8005534724,sanvariya garments Sikar road,21793925,6870
7014209859,Sri Sai collection,30732884,20707
9785058977,Mahi fashion 001,21814867,30460
7014393179,linay garments 001,29068190,5370
9929090581,Raj family wear 001,21822915,22806
6367712208,Chinmay Garmernts,29557700,495
8239223344,Decent Collection 03,21851093,23349
7793023709,Hitler fashion kalvad Road 001,21855833,73944
9588931359,Radhe collection kalvad Road Govindpura,21853793,8652
7737198483,solah singar 001 GOVINDPURA,21854936,3168
9829325873,Shri Balaji garments Mahar,27010741,11663
7976884495,Alankar,27694576,25315
9079286220,Naina collection 002 ,27507539,8393
7742226775,Goyal READYMADE Bajaj Nagar Jaipur,21982045,-7416
9784666975,MODERN GENERAL STORE (DEEG),29476231,6468
9413310303,Kumar Stationers,27705519,79567
9602738070,Abhishek General Store Bharatpur,22020446,2772
7678234956,Maya collection sohpur road 02,27507892,7364
9929305809,NAVAL  HOSIERY 02,27507893,18307
9166230011,Utsav partab nagar,22131887,2992
8239221453,Rohit garments Dausa,22135277,396
7878866962,My shop sikar rod,22163640,39803
7689999609,Tirupati passion Dausa,28041326,1892
9214862963,Babulal Laxminarayan,29675468,12182
6367874290,K R Collection,29692623,19641
8905002570,Mundra fancy store pisangan,22360262,4746
9784247893,Public demand,22358255,3058
9413689579,Mateshwari garment bandanwara,22363468,5290
9414377262,New Rakesh Kirana,27691645,12610
8952004515,lakhadaatar collection Sanganer,27604842,18704
9001041680,Shri Bal Gopal fashion Nadbai,29038519,21008
8233687773,Vishal gift and fancy store 001,22463349,15361
7597776366,Satnam fancy indra bazar,22520755,1562
9783528649,VK garments Kumer,28361379,8239
9928383232,pooja collection 01,22676484,29711
9314438702,"SHRI SHYAM SALES, ROAD NO. 06",27506611,40227
9829847481,ANJANI READYMED,22747326,42774
9928798433,BAJRANG FANCY,22747403,14856
8107060231,black and white,22749051,3850
7822920889,Om Garment 001,23107332,16834
9950729772,Madhuri readymade 001 JOSHI MARG,26729113,27770
8955514288,Shri Ganesh garment 001,27381184,33573
9667139052,somya collection 01,27506783,36386
9414622732,Shyam cloth store 001,22857537,18140
6367382447,sanwra collection Jagatpura,22882553,792
9509038408,Vardhmaan ladies shop,22882524,4368
8559895770,Vanshika fancy store boraj 001,27507179,3454
8386990590,Salasar Textile 001,22910233,792
8114459114,shri shyam footwear001 Bagru,28068138,14264
9928321031,Sujata garment 02,27507823,18805
8890008413,Shiv Shankar Readymade 001 NADPURI,27506559,38584
9314199682,Fit well Garments 001 ,23018852,8322
9602840922,Shri Hari Narayan Garment 001,23017412,7660
9667489725,fashion way,23021880,990
9828050862,Agrawal garment 001,27506561,52547
9782287783,Uday fancy store 01,30667375,914
8209444305,choice palace,23053111,10537
7014864471,LIBRA BAPU BAZAR UDAIPUR,30178203,25100
9667182752,sanwariya fancy store,23078989,48339
7610022039,sawariya collection,23078315,13696
9001074444,fashion point dadi ka fatak,23082747,3918
9352559287,mittal garment,29510154,9013
9413836173,fatehpuriya department,29339390,10148
9414376273,kwality star,27742252,45096
9983065449,ANUKAMPA (Deleted),31519653,3840
9001473087,SHARMA STORES (Deleted),29302514,12870
9829182288,SIDHI VINAYAK RADYMADE (Deleted),9981014,2814
8107395774,SOLECHANA AGENCIES 01,26979598,61617
9352622280,DELIGHT (Deleted),10640421,8612
9828017035,TIP TOP BAJAR 001,27233848,38142
9950368094,TRIVENI GARMENT (Deleted),28175131,4834
9928694552,RDX SPORTS READYMADE   RADAWAS,33999333,1045
9829238166,GOYAL COLLECTION CHOMU (Deleted),9142183,22623
9928114641,VINAYAK RADYMADE RAJAWAS (Deleted),10298973,5676
9829130713,VK GARMENTS 001,27727467,40670
7877122224,KHANDELWAL GENERAL STORE  CHOMU ,9949941,45473
9214040124,NATIONAL SUPER MARKET 001,28924105,564695
9828576714,PRAMOD FANCEY (Deleted),26761602,5568
9511306843,Shri fashion Niwaru link rod Jaipur,23298942,440
7597605424,shripati collection 001,23300116,70650
7976979875,dinesh sports wear,29308534,990
7597694227,harish readymade,23305343,336
7217608260,honey general store,23304661,6828
9001230044,lovely garments,23523794,550
9799775584,shri shyam sarees,23602934,1584
9950183381,vikash garment,23603858,42802
7690000455,jhalani general store,23636024,94797
9680903022,"YASH COLLECTION, RAJAWAS",27507063,27497
8104449413,jiya collection chomu,23636698,45234
8387830613,mangal readymade chomu,23636766,4734
9829345548,Rakesh Emporium Mahesh Nagar Jaipur,23765165,2640
9460474352,"GOPALKA GARMENTS, MPS",27431578,49586
8386886793,kiran redment 01,27431580,14661
8058183130,Laxmi garments 01,27431583,35039
9829151038,Kandira Retail Shop 001,30446440,498811
9166605206,Sri Sai Baba textile 01,27431587,26971
9460144923,"VISHAL DEPARTMENTAL STORE, MPS",27431590,60936
9828318219,Jindal garments 001 HASANPURA,9403064,57665
9460874533,Shri Balaji cloth and saree centre,27506200,13038
9649640577,R Mart 001,27506202,36856
9509201944,kiran fancy and jewellery shop 01,27506204,2710
9784325106,MR Collection 001,28320759,35052
9799136269,Laxmi hosiery 01,27506211,17166
9829256427,Krishna fancy and general centre 01,27506212,21032
9829421084,shree shyam rediment 001,27506216,10862
9982415656,Yash Collection JHOTWARA 001,27329785,21571
9351459589,om garments ,27506220,326
9828627631,shubhash fancy 01,27506222,17276
8078691652,Yuvraj fashion 01,27506231,17824
9928426120,SHRI RAM READYMADE AND CLOTH STORE 02,27507894,10498
8209532694,mannat collection ,27538488,396
9829052384,Kanha collection chomu ,10302076,19359
9828244774,Divyansh fancy end gift corner 001,28738937,17009
9929097851,feelings 001,23848662,1152
8387995131,Manish Sharma 001 GOKULPURA,27506265,319129
9314485240,"KRISHNA FANCY AND GIFT STORE, LAL DIBBA",27506267,8124
7023511227,Dipanshi Garments 001,27506270,19998
9875783027,AP Garments 001,9144015,1876
9352956711,Keshav hosiery Store 06,27506277,9141
9950035448,radhika fancy 001 khatipura,27506278,36819
9799770066,National Supar MART 001,27506280,84386
9928130893,Shiv Hari Lifestyle 001,27506282,3224
9414784194,Hi Fi  collection 001,27506285,10287
9829264390,KB Fashion,27506287,32672
9571311493,Evergreen 001,27506289,891
9782828928,Nirmal. Enterprise 001 bhankrota,26884032,59128
9351917748,Jatin Textiles industry 01,33423706,1892
9772007077,SRI SHYAM   001,27506310,684780
7014893185,"MANSA TEXTILE, MPS",27506311,15153
9829382926,"NANDINI TEXTILE, MPS",27506314,59998
9950693536,Pehnawa Family wear 001 khatipura,27506315,1056
8875613949,shree radha govind garments,27506316,26297
9214565240,shree fashions departmental store,27519634,17075
9829174267,mahalaxmi textiles end readymade garments,27506318,15515
9602792104,goyal fancy store 001,27506320,38001
9413339251,om garment 001 JHOTWARA,26992096,92408
9929245239,mangal mayching centre 01,27506325,12472
8005679950,bhagwan sahay halena,23907455,23615
8290092463,"MY FASHION, MPS",27506327,7050
8107918845,FASHION KING 01,27506329,4308
8302611593,Happy fancy and gift store 001,28909333,2648
9079932735,"FAB CLOTHING, DADI PHATAK",27899826,86
7727934856,dhakad fancy and gift store JHOTWARA,27506334,3082
7877686245,JAY BABAHARI FANCY STORE,28857855,5206
9887417440,Jay Shri Maiya fashion 01,27506339,36007
7742225016,harish garment,23934790,13231
7240444757,riya collection,23934487,770
9571036669,"SAT GURU GARMENTS, OLD VDN",27506407,47333
9829626531,Start REDAYMADE and garments Ajeetgarh,9753948,41147
9414344997,SHIV FANCY STORE 01,27506408,5454
9521854001,royal look 001,27506413,10136
7023015962,Jay maa kela  Devi 001,27398119,20961
9214487279,Priyanka textile 01,27506418,4406
9929596694,Ganpati Traders,27506422,27351
9829353565,Shivani garments 001,27506426,13542
9352704042,SHRI AGRASEN FANCY  01,27506427,9703
7877785911,Shree shyam fancy 01,27506429,462
9950998972,dhanyamani jewellery and fashion studio 001,29883037,5577
8619197224,SHREE SAI BABA FASHION  01,27506430,5070
8561844611,Yadav Textiles ,27506431,23263
9057558921,mohansingh and sons,27307439,56
7742584852,shree mahalaxmi fashion 01,28274843,5675
9828932965,Shri Balaji Garments 001,27506435,106840
8005530318,Aman shoe and hosiery 001,27506492,19324
8384953124,"PARTH FANCY, DADI PHATAK",26575312,20265
7014671349,Krishna fancy and bangles Store 001,29159948,3080
8000996774,KK collection 001,27506499,1694
8302546401,APURVA FANCY STORE 01,27506500,6634
8741828614,U S FOOTWEAR AND FANCY STORE ,27506503,4072
7374922145,S R GARMENTS 01,27506507,16196
9660311470,"YASH COLLECTION, BENAD STSN",27506509,32132
9414250278,Radhika fashion 001,27506512,10829
9928000888,Akshay enterprises 001,29559328,10404
8505028795,SHREE SAYAM FASHION 01,28043960,15753
8005760790,RK Collection 01,27506516,27067
9782630260,"BALAJI FANCY AND GIFT STORE, BALAJI COLLAGE",27506518,24535
8619944551,DELITE FASHION 02,27506520,2464
9001976742,SEEMA FANCY AND GARNAL STORE 01,27506527,6658
9799744950,Karni Collection 001 KHARDANI,27506528,1410
9929456051,Deepa books and stationers 001,27506563,11103
7976619943,Shri Shyam Readymade 001,28387484,8010
8955241087,HARI OM FANCY AND GIFT STORE 01,26559275,952
9782188803,Shri Milan garment 001 NEWARU ROAD,27506569,52775
9214663122,BANSAL READMEMT 01,27506570,12757
9887979066,"BALAJI FANCY & COLLECTION, ROAD NO.06",27506571,2923
9929286573,BABA SAYAM A TO Z SELL 01,27506576,9195
9414796624,Krishna Sadi 001,27506580,4829
6350254372,GOVINDAM FASHION 01,27506582,26591
8239699069,"BALAJI FASHION POINTS, ROAD NO.06",27506584,13515
9352864100,ANIL VASTRA BHANDAR 01,27506586,5230
9001859092,OM SATNAM SAKSHI GARMENTS 01,27506587,10619
9166199546,Unique collection 001,24624967,5396
6350088334,Harsha fancy store 001,27506591,36526
9314533562,G S sports Nandpuri sodala,24029073,3899
8233383838,Sneha  fancy and gift collection 001,27506617,6719
9461297803,SHREE GOVINDAM HANDLOOM & HOSIERY,27506620,4770
7732878780,SANVARIYA FASHION,11063862,1554
9413236466,J K Textile 001,27506623,27560
8384931392,ROYAL COLLECTION 01,27506624,396
9887208628,MK Readymade 001,27506625,14091
9782626771,AGARWAL COLLECTION 01,27506629,11951
9352118571,Vaibhav laxmi garments 01,27506630,1558
8432021576,RAMA FANCY AND GARMENTS 01,27506631,7450
7737755873,yash garments 001,27506632,86256
8005787373,Goldy Readymade 001,27506640,7273
9660160860,Radhe Radhe Fashion 001,27506641,77
7790919108,"SHREE BALAJI FANCY AND GIFT STORE, ROAD NO. 17",27506648,22385
9636861308,Krishna garments 001 GANESH NAGAR,27506649,18789
9772437556,"PARTH GARMENTS & BOOT HOUSE, ROAD NO.17",27506653,32982
9785918590,GAJANAND GARMENTS 01,27506654,154
7568888853,Siddhivinayak fancy and gift corner 1 GANESH NAGRA,30091525,12042
9982212023,"NEW FASHION, ROAD NO. 17",27506660,17871
9521869909,Vinayak garment 001,31712482,9527
9772750363,Shiv Textiles 001,27506665,29559
9309269918,kumawat mobile and fancy 01,29432367,3991
9784687805,Balaji Garments 001,27506673,23759
9694005987,Bora cloth store 01,28482928,4086
9929115006,Manvi textile 01,27506676,4570
7073767489,Shri ram fashion 001,27506678,12126
9928025833,Himanshu gift and fancy store 001,27506679,352
9783694693,Deepika garments 001,27506684,1774
9602229532,Deepshikha hosiery and footwear 001,29067584,6918
9950699282,Shri sanvariya garments and sports 001,28582547,35415
8561015119,"ASHOK READYMADE GARMENTS, DADI PHATAK",27506719,30119
9782733381,BHAIRAV FASHION ,27151158,1364
9414781605,Durga Cloth Store 001,27506722,20033
9829204339,Rooprang,27506725,11010
9772244828,Janata tailor Textiles 01,27506726,5572
9199330334,neelkunth fashion  001,27633561,2178
8387816259,Ganpati Fashion 001,27711893,8604
9667236954,Ladies Special,24098550,5652
7726939936,TIWARI CREATION 01,27496473,5145
9351602345,Krishna collection 001,24160221,594
9509575924,Shree Ramchandra Fancy Store 001,27506736,2705
9929311827,"SHIV VASTRA BHANDAR, RD NO.17",27506737,18879
9571200834,"NARAYAN TEXTILES, ROAD NO. 17",28220429,4338
9166130187,SHREE SHIV COLLECTION 01,27506742,981
9461602544,Minakshi Readymade and Foot wear 001,27506743,84
7378086877,deshnok fashion club 001,29330587,2246
9828152343,Anand cloth collection 001,30902378,18448
9643036356,Alia garments 01,27506789,7054
8769623681,Radha Swami fancy and bangle store 01,27506790,14558
8079035161,Bhumika fancy store 001,27506792,8428
7793080739,Varsha garment 001,28061894,9580
8005601178,New Ambay Fancy Store 001 bhankrota,27506794,924
9314637909,sachin textile and tailors,27506797,16782
7014455683,Shri Shyam garment 001 BINDAYKA,24162326,2340
9782500501,Bhagawati collection 001,27506804,198
9829351740,chitranshi sales 001,30904615,1716
8769923568,Shree Shyam Traders 001,27506807,13316
6377438766,"NEW FASHION, LOHA MANDI",27506809,27201
9982995323,khushi fancy store 001,27506810,1288
8952993933,DISHA FANCY STORE 01,27506811,3297
9571664365,Monika Garments And Footwear 001 BHANKROTA,27506814,6277
9782340316,"RAMDAS FASHION CAMP, LOHA MANDI",27506818,8866
9214948686,"SADANAND GARMENTS, ROAD NO. 5",27506824,22455
9314494186,SATWIK COLLECTION & MATCHING CENTER,27506825,27221
9664284959,Yuvika fashion 01,27506829,29830
8963073156,N.S Garments 001 BANKROTA,27506830,32094
7877251506,Riddhi Siddhi collection 001,27506835,7904
9828150836,Radhy Radhy Collection 001 BHANKROTA,27506837,5402
7300411202,SHIV BANGLES & CRAFT STORE 01,27506839,135763
9799182580,Radhika handloom 01,27506840,31309
9660620460,A ONE FANCY STORE,28232652,2646
9829891861,GANPAT LAL MALVIY SONS,24167300,33722
8502959951,NAKSH KIDS ZONE,28231421,308
8764061366,radhe rani fancy store 001,27506875,2480
6376937772,Suraj hosiery sel 001,27506878,3441
9782607962,BALAJI SAREES 01,27506881,1348
9509130353,young Heart Clothing Company 001,27506883,12805
9351271436,Krishna textile and readymade 01,27506885,7644
6375798079,"ASHOK KUMAR MUKESH KUMAR, ROAD NO. 17",27506888,11456
9928895121,Shri Shyam garments 001,27506891,1352
9672450217,bindas fancy and gift store 01,27506892,22326
6375759655,sudarshan textile 01,33172307,2842
9887694645,Gharana Shoe Place And Undergarments 001,27741490,1162
7611903492,AASU FASHION POINT ,27506900,18714
7891212721,Kanika fancy store 001,28142310,3010
9828866692,Sarvesh readymade 01,27506908,5891
9782733906,prisha Fashion World 001 bhankrota,27506910,4011
9828064951,Pankaj garments 001 bagas,9879636,25854
9928999211,Piyush Readymade 001,27739387,396
9928518793,shri sayam paridhan readymade garments 01,27506920,770
8875692378,Sisters Stylish Beuty 001,27506922,27393
8387062130,"OM FANCY AND HOSIERY GARMENT, VKI 17",27506925,308
9269591052,Lucky Fancy Store 001 ,27506926,2784
8209374566,Payal textile 001,27506932,12783
9799301151,"TIYA FASHION, ROAD NO 17",27506933,7810
7410887613,Shiv cloth store 001,31640888,660
9511566071,Muskan Garments 001 kamla nehru nagar,27506934,24874
9828524001,Priyanshi fancy store 001,27506938,1506
8107125195,divyanshi ka collection 01,27506983,198
7357139331,Sharma garment 001 MUNDIYA RAMSAR,27506984,45194
9887631431,Shree Shyam Sales 001,27506985,1002
9887252579,"PUSHPA GARMENTS, BADHARNA",33698717,14595
8209171294,Shree Vinayak Garments 001 RATAN  JI,27506989,54
7976877619,Gautam fancy and gift centre  01,27506991,43418
9887412624,Shree Vinayak Garments Rajesh 001,27506992,23813
9828497206,Shree Gurukripa Matching Center 001 KARNI PALASH,27506993,30602
9785104891,SHREE SAI FASHION 01,27506997,1000
6367057366,VK collection 001,9446589,7119
8529441334,Anpurna fancy store 001 mundiya ramsar,27507003,308
9214839185,Chandni garment 001,27507006,5726
9166777022,Bachpan Kids wear 001,27507007,2475
9571742393,MA GARMENTS AND BAG 01,27507009,9780
8949847459,Pratap Garments 001,27507012,2888
9314639873,"MONIKA FOOWEAR &HOSIERY, DADI PHATAK",27507013,12192
9829085425,Shiv Shakti sports 01,27507015,8815
9785393939,SPARSH,27346349,9360
9785393939,SPARSH,27346349,9360
9829639616,"VINAYAK FANCY & GIFT, NAYA KHEDA",27507030,8800
9001394838,Om Shree Textile 01,26993334,154
9314931848,Ruchies Fancy Store 01,27365348,11191
9694574403,Radhika fashion 001,27507035,14095
9680684261,Shyam Saloni Textile 01,27507037,5094
9828625381,Rajesh general Store 001 JOBNER,27507038,874
9680789086,Jawala fancy store 001,27507041,2046
7568018593,Maa Mahima Collection 02 ,27507046,440
8302810351,Sonali Fashion 02,27507047,6384
9672942046,Balaji garment 001,27507048,5976
9636820410,"AAYESHA FANCY STORE, HARMADA",27507050,17948
8290422060,"YO FASHION, OLD VDN",27362826,4356
9887032833,ANJALI FASHION MANSAROVAR 02,28911200,3186
9929139038,Girraj garment 01,27507053,27741
8766627802,Jay Mata di Garments 02,27507054,2992
9413419061,Mateshwari textile 01,27507056,1428
7221886685,Altaf choice place 001 JOBNER,28060451,5397
8005945962,om sai collection,28012869,1764
9828198586,tanuj General Store 001 JOBNER,27507058,35931
8107786677,Ruf n Tuf men's Wear 002,27507061,2574
7849850601,Manglam Garmants,28677378,4312
8946968648,"KHANA READYMADE & HOSIERY SALE, KHORA",27507064,17901
9782176025,yaanvi garments 01,31626000,2754
8949348661,dariyav garment 001,27507066,12288
9694081849,Sanvariya fashion 01,27507067,4796
8890533199,Degda Footwear 01,27507071,37906
7976804808,rajora garments 01,27507076,4932
9929284264,K P Garments 001 ,29359656,4141
9413105293,Ronak footwear 001,27507079,31087
7725934803,Mahalaxmi garments 01,27507085,2683
7742585716,Kumawat garment 001,27507087,902
8239824659,m k fashion 01,27507089,1876
7742004366,Jagdamba Fancy Store 01,27507091,677
9680888823,Surajmal Kailashchand Maharwal 01,27507098,19565
7891139871,maa Bhawani fancy store 001,27507103,3440
8947899473,Shri Shyam textile 01,27507106,20403
9460766382,Saini Fancy store 001,27507108,6205
8740085723,Chinnu garment 001,27507109,154
9799278786,Ishrat Fancy And Gift items 01,27851574,3199
9799909099,Mahaveer Readymade 001 bagru,27507113,2024
9782156863,RK Readymade and footwear 001,28251620,510
9929653054,Palak readymade 01,27507116,12018
8290851072,Zara readymade 001 JOBNER,27507118,9265
8529323224,Shree Shyam Garments 001,31517218,7284
7597930520,Shri Nakoda fancy store 001,27507120,792
7742769082,Tofeeq collection 001 JOBNER,27507121,14649
8561817439,Mr. Dodwadiya Fashion zone 001 JOBNER,27507122,4252
9782641558,Neha Garments 001 bagru,27507124,4220
8619884512,ASHA FANCY STORE 01 LALCHAND PURA,27507125,2056
9530028466,khushi Readymade 001 ,28871526,5167
9024661100,S G Garments 001 ,27507128,55336
8619093735,The King collection Readymade 001,27507146,196
9694414388,MG FASHION ,27507147,1062
8094921402,Dinesh fancy store 001,31104896,3036
9950442165,bagda readment ,27507153,49741
9799874621,mahta cloth center ,27212572,4158
9799748441,Shree kuldevi end company 001,27507158,1770
6376076050,Shree Radhe Krishna garment 001 pachar moad,27507159,4392
9887320490,shriji collection 001,29793576,952
8209262426,Pankaj garment 001,24787627,107956
8209590044,Krishna collection 001,15963660,21623
7014266951,shree balaji fancy and gift store 01,27507171,3379
7733061114,"SHREE RAM TEXTILES, MPS",27507172,72
8824210109,Shri Ratan garments medta City,24308530,34067
9799996340,GABBAR THE FASHION STORE 01,27507181,5014
8824773295,ANITA FANCY STORE 01,27507185,1526
7619745191,GOYAL TEXTILES 01,27507188,17526
9251067484,"MANDAKINI SALES, BENAD RD",27507190,26431
7378210614,Shri Ram garment 001 BORAJ,28861192,352
9950519697,Rooplaxmi cloth store 001 BORAJ,27507192,5450
9166921616,Mohit collection 001,29634760,38484
8890171743,vastra collection 001 GANDI PATH,27507209,4241
8233846154,Khandelwal fancy store KHATIPURA001,28171012,25617
9929537635,Shri Ganesham fancy and gift collection 001,27507216,12490
8949367674,Tanishka garments 001 VISHALI,27507220,718
9929955700,Suresh fancy store 001,27507222,6630
8107297721,Jay Ambay Readymade Garments 01 KHATIPURA,27507224,1745
8112291220,pitesh store Hindaun,24397278,4348
7727800172,brothers collection 01,27507228,616
8239984617,Jagdamba fashion 01,27507229,2909
7976384872,"SHRI SHYAM FANCY & HOSIERY, (MANOJ JI)",27507236,15058
7611822397,shree Baba Fashion 001,27507241,5324
9829362630,fashion hub 001,27507242,3174
9983820653,Shri garment 001,27507243,7211
9887722913,Neel Kanth Garmants 001,27507247,2893
9414751985,Balaji provision and general store 01,27507252,8246
7014892561,DARBAR ENTERPRISES 01,27507254,77306
9079231073,rakshit fancy and hojary 001,24857622,31721
9314587596,Shree Shyam Textiles 001,27507261,3332
9828577085,khatri textile and handloom store ,27507262,10215
8058355363,Vinayak Garments 001,9401168,2213
9509575352,patel cloth store 001,30766475,31258
8385929207,KARINA fashion DCM 001,27507276,40877
8955925262,multi Store 01,27507280,2880
9351915757,Triveni handloom 001,27507283,7160
7790867805,Shree vinayak fashion 001,27507285,9694
9829209425,Singar innerwear 001,27507287,5886
8114468309,Shree khandelwal garments 001,27507289,74843
8107737126,JASNTHAN READMENT STORE 01,27507292,48415
9766430531,deva collection 01,27507293,21312
9414408326,Suraj Garments 001,27507301,26727
9897984977,Shri Balaji Multi Store ,26574855,6684
9982200104,Shri Neelkanth Fadhion 001,27507304,13270
7610814395,Balaji garments 01,27507306,11050
8209940976,L.G COLLECTION 01,30811983,6120
9509414157,Lokanda Heights 001,26799846,49515
8209015067,RS Fancy And Gota Jari Store 001,27507315,154
9571372798,Bharti Footwear  And Under Garmernts,27982090,25186
7073332975,Khushi collection 001,27507317,2940
8824941881,"Jagdamba Sales, VDN",29556504,93389
7073397261,Shubh Shanti youth fashion 001,30019185,25955
7232051286,Rajputana Readymade centre 001,27507333,5318
9672638379,maa Shiv Shakti garments 001,27507334,29904
9530150150,Today's Fashion 001,27507336,6239
9001674730,kamal cloth store,27281518,12344
8619009837,Kanha collection 01,26559652,3992
9529567527,Mahra collection 001,27507342,3454
9928566699,Siddhivinayak collection 001,24645401,21561
8290406821,"NARESH READYMADE CENTER, ROAD NO .17",27507345,2582
9269856383,Bansal garment and  footwear  001,27507350,5170
8946877889,"RATHI GENRAL STORE, MPS",27507355,7130
9887979708,Divya garments 001,27507359,14386
8107986108,Kamal collection 001,27507360,2178
9829525271,om fancy and matching centre 01,27507366,14880
9314617514,Select N collect 02,27507831,4232
9660743630,new nishtha collection 001,27507367,32697
9460754427,Vardhman store 02,24679963,15040
9782838052,Ashoka sarees 001,27507370,54629
7742526615,Bombay walo ki regular sale 001,27507371,3752
9829400055,"NAYRA COLLECTION, RAJAWAS",27507374,13855
9929766482,"SHYAM TEXTILE & RAEDYMADE STORE, ANOKHA",27507375,10174
8741001411,"YUVA FASHION, BAD PIPLI",27507377,1392
8209304097,NEW FASHION GARMENT 01,27507381,8886
7610047949,"MAA JAGDAMBHA GARMENTS, RD NO 14",27507383,6284
9829335402,pawan Garments Barkat Nagar Jaipur,24760602,2640
9571553439,"SHREE H R COLLECTION, VDN",27507386,19708
9352553975,RAJ'S DEPARTMENTAL 01,27024690,9070
9782147035,unnati traders 001,27507393,61153
9983784738,Shri Balaji Fancy,29694862,2990
9079933977,my style garments 01,29766599,7479
6377775762,Agrawal fashion khirani fhatak 001,28326177,77564
9414752564,Sanmati fancy 001,27507398,12544
7073526651,Shri Radhe fancy store 01,27507406,5642
9468636511,New Oswal Showroom 00,27507420,9318
6378428186,Amber Readymade 002 ,27507421,6290
9251560349,Mahendra General Store 002 ,28879217,5916
9828921843,V. Narayan General Store 002,29507817,792
9509009560,Friends Readymade 002,27507423,3612
7240630720,Manisa kids wear 001,27507424,1617
7792811327,Shankar Readymade Store 002,27507425,820
9928523798,Daulat Readymade Centre 002,27507426,7578
9509689162,G M Readymade 002,27507428,12203
9887667584,J k Garments 002,31610019,1754
9636624433,Simavat Sadi center 01,27507439,5432
9983400818,Sangam Navalty Store 002,27507442,66981
9829524231,Batra Traders ,27507443,2260
9602409359,Naruka brothers and Company 01,27507444,36059
9950106864,Jay Bhawani Garments,27507446,850
9928219195,Suman trading Company 01,27507448,15060
9829078036,marudhar super market 001,27507450,48274
9887979132,Janta Hosiery 002,27507457,19307
9314521217,Shri Agrawal General Store 002,27507458,3706
9413622798,Anand Fancy General Store 002,27507459,70578
8078681152,garment collection GOKULPURA001,27507460,11320
8560840749,Khandal fancy and matching centre,27507462,3656
9829689222,swagtam handloom,24886941,966
7014080015,Singhal Hosiery 001,27507465,19704
9829008150,Prem Traders 002 ,27507466,63210
9462420258,Krishna General Store 002,30753329,38388
9314749102,S N Hosiery 002,27507480,42906
9351151695,sushil And Company 002,27507481,3420
9309317959,Shankar Fancy Hosiery Store 002,27507484,3966
9649584933,Ganpati Collection 002,29244737,3230
7014969489,R K Agency 002,27507486,130246
6376757979,Manish Hosiery 02,27507826,19301
9887116845,RAWAT HOSIERY 02,27507740,15777
9828201205,vedprakash general store,24913012,1806
8559969216,"SHIPRA AGENCY, MPS",16189739,1404
6350513158,Karishma Fancy Store 002,27507488,273
8441996534,ajmera garments Benad road,24918040,3186
9352455803,"SHREE SIYA RAM, MPS",27507489,35002
9929812590,purshottam general store,24939798,1288
9413130820,Chandra enterprises,10783589,116062
8233856056,"JAGDAMBHA TEXTILES, NAYA KHEDA",27364951,9385
9875153565,New Riya Garments 002,27507499,2508
9983603713,manglam garment,24962141,2486
6376529109,pawan general store,24963804,1026
8432699885,santosh general store,24963809,1124
9828211241,Ashok Watch Company 002,27507504,308
7976619942,Shri shyam readymade,24966054,990
9351283986,Dilli Lungi Store 002,27507506,4305
9588093517,Kavita Fancy Store 002,27507507,22700
7850889703,s k Garments 001,27507518,27790
9887221458,parshav fancy and innerwear 001,27507520,20286
9001525774,Dharma General Store 002,29517641,22336
9829380686,Shree Ram Store 02,27507527,6751
9928287428,Naruka Fashion 002,27507528,770
9402203188,Shri Krishna collection 01,31804317,165308
9982529523,Pooja Tea And General Store 002,27507532,10074
9828025266,anil fashion point,25014398,7454
6375003525,Gupta Shoe Store,29337118,210
9414254138,Agarwal Ramesh And Company 002,28309508,40566
9414079822,Hiranand Pokhardas Jain 002,33403107,19641
9829068065,Derewala Enterprises 002,27507544,10562
8619912635,Bhagwati Garment,25020253,4550
8741067265,mohan garment,25020495,1166
9414307846,SONU PROVISION & GENERAL STORE,30171815,5741
9887054281,Maa Readymade 002,27507546,18367
9983074901,Bharat Hosiery And Readymade Store 002,27507548,26585
9929062698,Pankaj Traders 002,27507549,351522
9460186601,Shri Badrinarayan and Sons 002,27721445,124281
9461300220,Ishwar Hosiery 002,27507553,12608
9929136514,Dev Sai Matching Center 002,27507555,946
9351561112,KHANDELWAL GENERAL STORE ANAH GATE,29510289,21079
8058832010,navneet fancy,25047274,2058
9785931405,shri shyam shoes,25047223,462
9950832857,Gupta Garments 002,27507556,1458
9829599671,Dinesh General Store 002,27507557,9586
9928660943,Apna Ghar 002,27507559,322
9024149702,Hariom Hosiery 002,27507561,1232
9784301311,Krishna Fancy Store 002 ,35033973,1490
8949895275,Shobha Cloth Store 002,27507563,25531
7976022637,Super 99 Collection 002,27507564,3087
7849918392,Vinni Garments 002,27507565,10121
8890629877,Ishaan Garments 002 ,27507568,13274
9166809697,Saini Fancy store 002 ,27507569,22863
9252020647,Agarwal Departmental Store 002,27507570,3682
9521205647,Om sukh fashion 01,27507571,5792
9829208508,Shankar Appereal 002,27507574,344749
8696020112,Ganesh Fancy Store 002,27507576,21830
8003053673,First Choice -2 002 ,27507578,26109
9783985663,Nandini Garments 002 ,27507579,2714
9588006068,Shree Krishna fancy 001,27507581,1438
7891041250,A To Z Store Pashu Hatwara 002 ,27507583,8136
9314880303,vatsalya Mart,25060659,1440
9928532494,Ankit Readymade and Fancy Store 002 ,27507585,746
9928651160,Sonu Readymade And Fancy Store 002,27507586,7140
7357615072,Royal Cosmatics 002,27507588,3388
9784088392,Krishna Tea Center 002,35066294,10702
9001463466,Shubham Garments 002,27507595,19334
9680085666,Gurukripa Readymade 002 ,27507596,2214
9460554782,Banwari General Store 002,27507598,6228
9950655137,Jain Traders 002,27507600,616
9828816121,Kumawat garments 001,27507601,3313
9950333172,Sonu readymade Nangal,25074649,792
8561951775,Krishna fancy and general store 001,27507608,15154
9799885066,"HARE KRISHNA CLOTH STORE, NAYA KHEDA",27507611,11502
9887754075,Anshika Fancy Store 002 ,27507612,3618
8209070671,yash collection 002 khor,27507613,2994
8442036590,Khandelwal Garments 002 ,27507615,6272
9928999485,Jagdamba Collection 002,27507617,938
7300125367,Goyal Fancy Store 002 ,27507619,732
9887127116,Daksh Readymade Garments 002,27507621,1078
9929402464,Goutam Fancy Store 002,27507622,11453
7425070997,Mama Bhanja Garments 002,27507623,5762
9799291943,Sahil Garments 002 ,27507624,2380
7976742659,Shri Ganesh Cloth Centre 002,27507625,37375
9799368152,Lakshay Tredars 002,27507629,2156
9928450535,neelam cosmetic and fancy store 01,27507630,8965
9024353619,"SHREE RAM TEXTILES, RADHAKISHANPURA",27507632,90555
9829120724,S S B Wears Pvt. Ltd.,27507633,27637
8875593377,Abhinav Fashion 002,27507634,128730
9413564236,Shiv Saree Emporium Amer 002,31208005,3024
9461300238,Krishna General Store 002,27507635,20497
8058835932,Jitendra Fancy Store 002,27507637,2256
9828651548,Pooja Cloth Store 002 ,27507639,12931
9602518054,Pari Garments 002,27507640,9381
9509996483,Shree Shyam Readymade Garments 002 Kukas,27507642,0
9829605704,Tanisha Garments 002 ,27507643,858
9351740894,Baba Garments Achrol 002 ,27507644,594
9950412195,Pancholi Sports And Fitness 002,27507645,6152
7073238215,Singadiya Garments ,27507650,198
8058610128,Shri Sai Collection 002 ,29707185,2352
9829150198,Shri Shyam Hosiery,25094753,9750
8094430297,Baldev Sharma Achrol ,27507651,1936
9782870270,Janki Garments 002,27507656,2332
8784251705,New Pawan Garments 002,27507657,396
7790843233,Laxmi Garments and Footwear 002,27507659,1188
8769073185,Vinayak Garments 002,27507662,198
8561059334,Girraj Footwear 002 ,27507664,5354
7339822145,DAYAWAN BAG AND FOOTWEAR 01,27507665,462
9887467006,Shri Radhy Garments 002,27507667,594
9950798263,Sakshi Garments 002 ,27507668,2222
9982328718,Komal Garments 002,27507669,3037
9667080494,Radha Kishan Shankar Lal 002 ,27507671,1530
9460717360,Hanuman Vastra Bhandar 002,27507672,1936
9929821705,Pawan General Store 002,27507673,396
9929368571,Jhalani Statinors 002 ,27534606,396
9610415257,Friends Fashion 002 ,27507674,1007
8003803903,SHYAM KRIPA GARMENTS 002,33466347,1452
7597720285,"UNIVERSAL CREATION, LOHA MANDI",27507677,11287
9950811763,Khushi Readymade 002,27507679,4542
8963861977, guru Nanak hosiery 02,27507691,14221
8107583331,GANGORE FASHION 02,27507693,41736
8209466650,Agarwal Garments and Footwear 002,27507694,17538
7568818838,Tiya Fancy Store 002,31233032,616
8209221454,BS paridhan 02,27507696,13739
7728965327,Shree Sai Collection kanota 002 ,27507698,308
9309080811,Vikas Fashion and Footwear 002 ,27507699,550
8947097232,New Bajrang Fancy Store 002,27507700,5022
9509142312,Jay Bajrang Fancy Store 002,27507701,4800
9414059415,KALRA WEAR HOUSE 02,27507704,5266
9680084972,Kanha Books and General Store 002 ,29325833,396
9660441508,Krishna Hosiery And Readymade 002,27507708,770
9571325209,Palak Garments 002 ,27507709,16952
9829760790,Vikas Readymade And General Store 002,27507710,154
8503878064,Jai Ambey Garments 002 ,27507711,3050
9928217094,Payal Readymade and Fancy store 002,27507712,2664
9351392641,Bhukhmariya Traders 002,27507714,3564
9783109680,Suwagat Readymade Store 002,27507715,308
9460824921,Vardhman trends 02,28907356,11918
9950518517,Badaya Readymade Center 002,29229678,10673
9829205431,Shub Closet Readymade And Hosiery 002,27507726,65744
8949548839,Kanha Garments 002 ,27507729,1078
7742961000,Singh Beauty Centre 002 ,27507730,1386
8952859805,Shri Shayam Fashion 002,27507741,13752
7742223626,Stylish Shoes 002 ,27507742,4056
9414937643,Jyoti Beauty,29676671,6933
9509490262,Krishna Readymade 002 ,27507743,6722
9929855712,Prem Pan and general store 02,27507752,12182
9314764530,Sangeeta Hosiery Centre 002 ,27507758,3723
9828853702,Aastha fancy store 02,27507759,16492
9929645384,Janu Footwear and general Store 002 ,27507760,1932
9314605707,Khandelwal Fancy And Hosiery 002,27507764,1218
6375274741,Daksh Fashion 002 ,27507765,352
9950031516,Sonu shoes and garment 001,27507767,15030
8104917788,Shri Govindam Sarees 002 ,27507768,3592
9024647359,Shri Tirupati Garments 002,27507771,24993
7014280715,Sonal Fancy Store 002 ,27507773,2450
9352605687,Khushi Books And Stationer 002,27507774,3814
9460187038,Kamlesh General Store 002 ,27507777,5194
6377834159,Shri Balaji Textile 002 ,27507783,4246
9214797989,Manvi Garments 002 ,27507786,1120
9145876889,Radhe Radhe Garments 002,27507791,616
9461875209,Bhagwati Garments 002 ,27507792,154
9414769983,TIP TOP COLLECTION STORE 02,27507796,19119
9950703241,Aarav Garments 002 ,27507798,3986
9928587704, RAJU GENERAL STORE 02,27507802,19724
8290342935,Ajij Fancy Store 002,27507804,616
7877209208,Shree Banke Bihari Footwear 002,27507805,22789
9828400199,Shri Shyam Hosiery Sail 002,27507809,3758
9602716624,Gurunanak Fancy Store 002,27507810,2964
9782137847,Neelkand Collection 002,27507811,2822
8432513044,RAJ FASHIONS 002,29436988,10402
9982222242,KRIZY FASHIONS 02,27507828,8830
9887408238,HARDIK SALES (HALENA),28715523,1606
9571226081,CHOTH MATA BEAUTY RANGBARI KOTA,25180637,15379
9982209251,BAJAJ HOJARI HOUSE 02,27507835,6219
9413146022,kambalwal garment,25197761,4554
9829279574,Govind Readymade and Garments 002 ,27507843,2174
9414670564,Laxmi Hosiery And Readymade 002,27507845,54616
9414780853,AGARWAL FANCY STORE 02,27507851,26812
9001432188,JaiDurga kids garments 02,29693466,1659
9782104980,SHREE RAM FANCY AND GARNAL STORE 01 ,27507852,3314
9983052455,RST COMPANY 001,27507856,763
8209595408,Anjali bengals 001,27507865,6433
8949611041,Bani Thani 002,27507869,23139
8845692378,sister s stylish bhankrota,25218010,990
8739881360,Nautri Fashions 002,27507879,160101
9509502986,M.K Handloom 002,27507880,66382
9667312182,priyanshi collection ,27507882,56
8949523772,NAMDEV GRAH POORTI STORE 02,27507884,9723
9782880510,OM FASHION  02,27507885,1988
9001907966,Jindal fashion 02,27507887,4117
8505004544, MAHAMAYA FANCY STORE 02,27507895,3696
8560821822,ambey garments  02,27507896,1015
9928961282,Prem Fashion 02,27507901,5739
6375796811, Tanvi fancy store,25389273,3900
7742790800,maharaja safha sarwani 001,27507904,11880
9413472874,RIDDHI SIDDHI COLLECTION 02,28702418,19012
8003885429,Geet collection 001,27507910,23718
9785630552,Pinky fancy readymade 001,27507911,13502
6367425104,Bharat Fashions 002,27507916,11178
9057271360,mitans gift and fancy 001,27507918,14631
9694112450,Saanwaria collection 02,27507920,1000
7011267399,shree radhe radhe fancey 02,27507927,3729
8955823310,ANAND COLLECTION 02,27507928,11662
9610498162,ROYAL COLLECTION 02,27507929,13323
7340292341,Guru govind fashion 02,27507933,1120
7688927416, CHETNA FANCY STORE 02,27507934,1120
7976516216,nag Lakshmi ladies corner 02,27507937,1628
7742319442,Navneet Herbal Products 002,27507939,5076
9627431488,Raghav readymade 001,27507941,3490
9887175330,Jain Provision Store 02,27507945,3724
9314974491,AGARWAL STATIONERY AND FANCY STORE 02,27507947,4447
9929688752,BANDHAN GIFT PALACE 02,27507952,7789
9214571231,Galaxy garments 02,27507955,3096
9610488225,ANUSHI FANCY STORE  02,27507958,34216
9887768600,Neelam fashion 02,27507959,2266
9829032428,Jagdamba Trading Company 001,27507963,3672
9782564111,VIJAY DEPARTMANTL STORE 02,27507964,2989
9983571009,Shree Shyam General Store 001,27507965,15092
9772644346,maa durga collection 01,27507966,792
7976477935,BHAVNA HOSIERY 02,27507969,5434
9921735735,s s ventures 001,27507974,6372
9828249726,shubham gift fancy store 02,27507976,4684
9928365188,MANSI COLLECTION 02,27507977,7370
9529154570,Mohit Baba house 02,31584264,2964
7665447517,Mansi fancy store 02,27508000,4260
9460475268,G M garment,27508001,1610
8058609040,MAHI READYMADE 01,27508003,3047
9928321525,Ganpati Sales 002,27508004,2695
9782649024,MAHALAXMI STEANRY AND GARNAL STORE 01,27508005,15706
9214948377,HARSH COLLECTION 02,27508007,16068
9252053718,Shri Balaji garments 02,27508010,21092
9950260410,AGARWAL FANCY STORE 02,28696797,5303
9783589551,Colors 16 02,27508012,15522
7062263841,Shiv Garments 002,27508014,12632
6378161226,Khushi fancy and gift Store 001,27508017,539
9660576733,Vishal fancy and variety Store 001,27508018,3842
7062060953,tag your look 001,27508020,6403
6376090170,Om Garments Sindi Camp 02,27508028,12009
9214805748,kailash chand vikram kumar jain 002,29540129,26372
9001067518,Shree Nath Enterprises,27508031,16566
8890919266,F D garment,27508032,33142
9829169083,kohinoor garments,27508034,46209
9784313800,KHATRI ENTERPRISES 01,27508036,38248
9929717784,BIG SHOPPING 01,26994034,15552
8079065236,Ray stationery end general Store 02,27508040,32728
8952994145,DAYAWAN FANCY STORE,27508042,10310
7014325423,"RANGOLI COLLECTION, R.D. 5",27508043,2594
9782843998,Shubham Store 002,27508046,5238
8559811769,AALWALE 02,27508048,4242
9351331900,Om Shiv readymade garments 01,27508052,154
8504889921,"GEETA GARMENTS, HARMADA",27508054,4405
9414438389,Aashirwad Textiles 002,27508056,44786
6376988388,Rishika fancy store 001,27508059,28
7062213096,Agarwal fancy and gift corner 02,27508061,5024
8209609507,Rajasthan Garments 001,27508063,2368
8003547820,Janata hosiery 001,27508082,12421
9929414832,Bajrang Footwear Achrol 002 ,27508091,4697
9414451462,Shri Shiv Store 002,18997571,151150
8233158968,Jwala garment 001,27508097,66583
9079148855,Nidhi garments end kids wear ,27508098,3618
8824627080,Hunk house of fashion ,27508099,2982
9166742011,Vishal garments Gomti Chauraha,25555686,1232
9649113131,SHIV KRIPA FASHION 02,27508105,5600
9166029574,"PRAKASH GENERAL STORE, KHORA",27508107,29244
9784181468,ESSENTIALS JAIPUR,25370183,13208
8107286668,Y 2 V Enterprises Mansarovar,9605739,11490
8302407121,Lakshmi fancy gift centre chomu,27052462,1078
8696227222,Decent Choice 03,27508126,20654
9509195013,firangi kalwad rod Jaipur,25265763,594
7976828921,Choice collection 001,27508137,6501
9309054191,Nikita textiles 001,27508138,2049
8426918835,monika saare and matching centre 01,27508140,7251
9351599261,Shri Ganesh garment kalvad Road,10579867,1260
8829989999,vijay kids wear,25818941,6654
9784007322,Victoria's 02,27508146,2880
8426816814,New fashion stage 001,27508147,14876
9352734369,REKHA STORE 02,27508148,1287
9828119213,Praveen garments Ravan gate 001,27508150,1782
7742524552,PRIYA FANCY STORE 02,27508157,308
8949098879,khandelwal hoseiry end cosmetic ,31644326,1122
8529126489,Indu readymade 001,27508164,2640
8104860195,YASH GARMENTS 02,27508166,308
8949034927,Laxmi fancy and gift collection 01,28423840,13922
8560825261,SATNAM FASHION 02,27508171,308
8079016853,Jhalani General Store 02,27508174,3730
8058352520,Ramkishor Chothmal 02,29320120,2341
8290296642,Govind Fancy Store 02,27508175,1640
7023565692,TIWARI FANCY STORE 02,27508176,-240
8239848708,Rangoli Readymade and footwear 001,28412833,12659
9351129600,"SANJANA ENTERPRISES, DEHAR KE BALAJI",27046619,3802
9782321799,sanjay readymade,25985871,423
8078660923,SHYAM ANURAG COLLECTION 02,27508181,10824
9328012511,baba Shyam a to z 01,27508182,3475
9460522843,AKSHAT GARMENTS,31629329,12202
9166953913,Shiva Readymade and Fancy Store 002 ,27508183,12289
9024554109,JAIN FANCY AND GENRAL STORE 02,27508184,5058
9024454920,Mahi Traders Chaksu 002 ,27508189,48847
8638527326,Hemant kirana end General store,27508200,3700
7986378019,Bansal Boot House 02,35021212,94137
9602732421,DIMPAL GARMENTS 02,27508203,308
9829733965,SHUBHAM GARMENTS SANGANER 02,27508204,11588
9680637633,Deepak general Store 001,27508206,4810
9079286960,Baba Fancy 01,27508208,2504
9680035738,Balaji departmentall 01,27508210,3492
9694800194,shree bala ji 01,27508211,20132
8107370779,KATHURIA COLLECTION 02,27508215,3230
7230091997,"VATSALYA WHOLESALLERS, ROAD NO.5",26334868,6211
9414593700,Sai Baba Readymade 02,30690979,10549
9929662904,Laxmi garments bagru 01,27508217,1782
8650609494,Devanshi Collection 02,27508219,16610
7734906509,Poonam store 001,31835382,8889
8503833878,paras garments 001,27508221,20632
7732989120,Shree ji Collection 01,29812844,9398
9928849419,SHREE DRESSES 02,27508226,32452
8209248235,Balaji Garments Luniyawas 02,27508228,2782
9887514174,s2 brand outlet,27508229,5294
9828013330,NQ FASHION 001,27508230,4010
6378680115,KASIM FANCY STORE 02,27508231,8838
8741056273,R.s fancy end gift centre 001,27508233,3668
8824530855,Om Shiv Fancy And Gift 02,27508236,3083
6377439794,chamunda fashion 001,27508238,1452
8769550282,Agarwal readymade centre 001,27508240,828
9799137533,Gaurav fancy store 02,27508241,46054
9529141498,Shubh mangal dresses 001,27508243,4834
9460060018,"SHAKUNTALAM ENTERPRISES, RIDNISH, VDN",28041142,23657
9460500830,GOLU FANCY STORE 02,27508245,3096
7891142903,Parmod garments 01,26598043,13160
9166083458,"RAVI HOSIERY, VKI",26599198,32386
9252078552,Indu ladies tailor and matching centre,27508248,3254
7734845923,Bhanu gift and fancy store,27508250,1736
9509196529,SARVANAND COLLECTION 02,27508251,10357
9784957712,K.R general Store,27403117,3262
9772098233,gaytri fancy and gift collection 01,27508253,7999
9829043503,Narayan textile,27592408,1276
9214458258,U V collection,27508255,660
8114404643,fashion hub,27508256,8302
7568792304,lakshmi Cloth Store 01 ,27508257,308
6350015137,Praveen Cut piece 02,27508258,735
9460025731,passion zone 001,28389322,3982
9887934377,RADHA SWAMI GENERAL STORE 001,27508259,658
7665555583,shivanya unique hub,27508260,792
7891124464,Nikita textile,27508265,3868
7297926368,Shri Ganpati department store,27508266,308
9460789578,Om megha store 001,27508268,1584
9414388199,Sarita fancy 02,27508269,42417
9782214870,Radha Swami fancy 001,34504415,352
9799722143,Fashion point manoharpur,9981381,5324
9529303286,Shiv garments,27508275,17035
9057990846,Poonam fancy and gift Store,27508276,1401
9460421713,Aarav fancy store,27508278,6408
9782076699,Shri Balaji textile 001,27407672,3704
9252504111,Shringar collection end gift gallery 001,27508280,990
9829290537,MAAHI SHOES AND SPORTS WEAR 02,27508281,14772
9660016967,Himanshu fashion hub,28857962,3900
9772684030,Prajapat fancy store,27508287,11018
9785913546,Bloom costume,27508290,1848
9887231355,Om Prakash Ashish Kumar 02,27508291,1260
9351683639,Kapil garment,27508292,1106
7014470653,Priyanshi Fancy And Gift Store 02,27508293,2113
9024495254,Rahul Garments Luniyawas 02,27508294,308
8696388993,Nishant Readymade 02 Luniyawas ,27508295,154
8955847712,A Plus,26729268,700
7976311310,lucky fashion ,27508301,462
9782870445,nicotine fashion ,27508302,1026
7726966339,lucky hosiery,26781281,1069
9928222605,Naresh Genral,27426032,32541
6377913814,shivam footwear,26781294,2188
9588950419,SHRI JI  001,27508304,4026
9694132712,j m d garment,26800931,308
9828700796,mantu garment,26800925,911
9015543287,shri dev garment,26800919,6880
9602408277,satyam garment,26805249,3390
9982299011,vishwas garment,26805248,5352
9887988960,JAI AMBEY CLOTH STORE,26822399,2444
9829904095,radhe rani collection,27508307,616
8302329239,KHUSHI FASHION Sirsi Road Jaipur,26823834,3168
9650737137,SAUMYA BANGLES AND UNIQUE STATIONERY 02,27508308,9190
9057940592,KANHIYA PAN BHANDAR 02,27508310,1958
9887221533,Vinayak collection 001,27508312,10559
9782781519,RK kirana and department store,27508315,4394
7568581051,harsh boot house gunta,26890835,352
8432384328,yogiraj garments,26891651,770
9352684433,manoj footwear paota,26920618,13239
9530031198,Shiv General Store,26920529,1188
8209589994,FASHION POINT 02 ,27508321,-1440
9784777604,kalki fashion,27508322,4179
9887864002,moti electronic,26980098,14210
9252164246,Naveen Genral Store,27437848,12024
9772283497,"JAY FASHION, MPS",26992495,6102
7023596711,RADIKA GERNAL STORE BHAWANI MANDI,26993105,2970
9166667205,siyaram fancy store,26992645,18795
9928480918,Shri Radhe Krishna readymade,26993648,9589
8949741174,shubham garment,26998685,1990
9214803355,Ambika  government,27001842,38548
9928351386,Jai garments,27001968,8981
9358485778,KHANDELWAL GENERAL STORE KOTWALI ,27002820,4023
9414375467,GK GARMENT KOTWALI,27005198,2200
9982922341,shri ram footwear,27005845,7392
7014200910,GOYAL GARMENTS SEWAR,27009577,2666
9772320200,ganpati garments,27013485,24825
9829552431,Sharma departmental store,27013907,17554
8717042488,Just 4 Kidz 002 ,27508328,2121
9694472844,hari om cloth store,27015846,4416
9929747422,bl fancy and footwear,27024239,770
9694717189,Radha Krishna Traders Departmental Store 02,27508330,17448
9785667556,Monika readymade,27031894,7640
9927768539,Pooja garments,27042047,10349
9929634170,sahjo  Mega Mart,28332542,22044
7877369611,the choice,27049251,48457
9828283288,barala garments,27055546,396
7221878197,Neha Fancy And Gift 02,27508334,1694
9782567353,Shri Balaji kirana store001,27388882,1386
9660566475,ravi fancy and general Store,27060772,6484
9929768838,dakshika kirana store,27067918,2112
9829465050,new Rajshri garment,27127224,968
9461752150,Arihant Readymade,9842129,4858
9950545214,Shiv Shakti readymade,27130423,4174
9602080250,shri ram creation,27130117,15069
9462675377,JAIN READYMADE & SAREE CENTRE,28696475,7255
9829558271,shree sanmati sales,27134638,3019889
9929256880,raj fancy store,27138686,1996
9660711257,Rk store dhanota ,27139944,313049
7239898319,parmanand fancy store,27140553,18180
7891133221,lakshita collection,27148242,3070
7014630008,manu garment footwear shandarsar,27150457,9434
9950779087,shyam fancy store,27152823,23175
9602880961,rup Laxmi garments ,29245950,4440
9660190068,Kanha collection dawali,9741404,50011
9829529431,Sharma departmental store dawali,27013907,15297
9784311470,Garg garment ajitgarh,9754682,68394
8562074085,"RIYANSHI FASHION PLAZA, VKI 17 NO.",27167318,8167
9950755516,Vandana fancy store chomu,27169762,26796
8949057840,Dayal fancy store,27179247,1588
8058263328,yadav fancy store,27179978,2682
8947888031,kumawat garments,28737151,1628
8104315246,new generation chomu,27185653,12698
8104490129,bajarang fancy store bilandarpur,27197234,17027
9928864254,Dulhan fancy store,27194326,6948
9799102800,Gruh Laxmi cloth store,27196227,803
7014331797,kanchan keshri garments,27190332,308
9772280752,baba bajrang textile manoharpur,27212701,814
9803488237,Shiva Fashion,27216698,1078
8000731852,"MAHESH SAREE COLLECTION, MPS",27218385,12594
9829474161,NEELAM FANCY STORE,11178187,3680
7891522589,AGRAWAL SALES AGENCY,27235043,685183
9887733322,ram garments,27235066,7114
9828209021,lakhadaatar fancy store,27243719,7403
9928725948,pinky footwear,27244979,19280
8233258358,R K Garments niwaru road,27244367,2396
9413900006,Shree madhav civil canteen niwaru road,27246093,2508
9414890214,UNIQUE TEXTILES,27282972,7121
9636295232,Nitharwal Redaymade Radawas,11159188,9456
9929412438,Tannu fancy Store Mahar,11157742,2417
9785257790,"NS FASHION HUB, ROAD NO. - 2",32322061,34652
8290177190,Laxmi Fancy store,27289668,889
7665113233,"GOVINDAM UNDERGARMENTS & GIFT SHOP, KEDIA PALACE",27291021,46746
7737492243,keshav garments,27292614,842
9929112314,maa collection dhanota,27298085,18596
9079362930,GURU GARMENT,27299873,620
9460656052,MITTAL GARMENTS UCCHAIN,27299876,728
9351800342,nainiwal garment,29468794,8739
8368910129,H D COLLECTION,27299878,1658
9664319309,SHARMA READYMADE SEWAR,29469850,40302
7220835721,Nath ji readymade garments,27304936,2800
9414944984,Agrawal Book Depot Bharatpur,27308484,5390
8209201070,Suresh medical General Store,27308027,14151
9351586642,"KANHA GARMENTS, BENAD PHATAK",27309278,11545
9079838409,BaBa fancy,27319662,903
8949387521,shri balaji garments and footwear,27317722,4263
9828151422,Mahalaxmi Readymade Center,27326608,13466
9529310557,gupta store,27327376,3638
8854969791,Tirupati and tirumala super market,27327123,11313
7742617583,bharat raj garment,27332232,84
8104823925,Balaji garments bilochi,27335722,23102
9351609407,"SHRI BALAJI FASHION, ROAD NO. 01",27339862,17518
9509595160,chahak collection,27343442,2807
9602141635,Shri Shyam sales Kaladera,27353254,33473
9549424376,Teena fancy store,27353068,5480
9982134605,Laxmi fancy store tigrya,27361235,52401
9828101172,shri ram cloth store,11662485,4684
9829267421,Lokesh fancy store,27362264,4816
9667123473,YUWANSH ENTERPRISES RAJAT PATH,27362150,7107
9828112429,Shree Krishna Textiles,28060855,10856
9521152452,"SHIVAM SAREES, ",27367522,10002
7737533319,like fashion,27384886,12778
8107880567,abhinav collection govindgarh,27389498,8580
6377936343,ankur enterprises chomu,27398643,792
9252176144,mehata garments chomu,27395915,5690
9251604946,Pawan general store chomu,27398130,6102
7976488578,Raj shree fancy 001,27396265,792
9352989858,"MAHALAXMI TEXTOLES, RAJAWAS",27400541,10247
7790942685,Shyam paridhan readyment,27401137,1610
9602407019,Raju garments,27403850,1056
8104374002,Tarun footwear fancy store,27418473,15156
9461071529,salection garments,27427316,4230
9799199788,shree krishna garments,27424072,396
9001615673,shri bhagwati traders nangal kunji,27423674,2236
8078629494,big daddy,27433531,1728
8619661780,Gameti genral store,27432850,3850
9799448240,Madhurima Beauty And General Store,27434768,5841
8003083309,Mahima Beauty Collection,27435176,1881
8107007422,papu footwear,27433395,28
9414695923,SANJU GENERAL STORE (KUMHER),29308351,1292
9887868377,SANJAY JAIN GENERAL STORE KUMHER,27433722,56
9602816311,chetna readyment center,27713351,1638
9352639732,kashyap cosmatic genral store,29310814,9822
8107455428,Divy Shri sarees,27441380,10423
9672758040,Narendra genral store,27449265,56
9460241110,Suman Garments,27451396,5112
8426901867,SINGHAL GENERAL STORE,27455655,1216
9887832318,DEEPAK COLLECTION BHARATPUR,27458909,4270
7733003233,royal looks ajeetghar,27458117,396
9460181192,ANIL BROTHERS,29337741,168
9414357625,HARISH VASTRA BHANDAR,27474086,3948
8560050127,classic collection,27480841,594
7877579836,agarwal general store,27485173,20316
8000130892,shri parshvnath fashion,27489296,6335
9660073408,"SHRI SHYAM BABA READYMADE & FOOTWEAR, ROAD NO 17",27494519,14726
9785399603,Tirveni general store govindgarh,27502782,15279
7240444754,Riya collection,27504459,8006
9929942089,BHAGWANDAS VEDPRAKASH GENERAL STORE UCCHAIN,27505517,1883
9950041759,lakhadatar fancy store,27514513,986
9269164164,anav hosiery,27518735,3414
9929764435,Vishal garments chomu,27521734,8782
9799879716,"SHRI BALAJI FANCY, SHYAM NAGAR",27525938,10650
7728057731,balaji store chandwaji,27529444,2926
9782541516,Dilkhush Readymade Store,27529126,1540
6377606131,HIMANSHU READYMADE ROOPBAS,27529050,17346
6377969980,Sisodiya fashion point,27530909,2312
8769785896,L N  Garments,27534246,56
9950257421,SAINIGARMENTS,27534076,2178
9799688182,shri balaji fancy store manoharpur,27533406,15718
9680325495,Vishnu saree center,27532608,642
8385927929,Bhagwati collection,27537129,990
6376045988,Rk garments Ropbas,27536123,560
9024126275,Shri Ram garments,28963885,17330
9785504985,sadhna garment halena,27555834,539
9887761818,PRINCE UNIQUE COLLECTION,29042047,19068
9785507985,SADHNA GARMENTS HALENA,27556521,2262
7014045426,Modi kirana store,27569053,1120
8387057171,SHREE GANPATI COLLECTION ALUDA,27566962,2838
8952049646,Chandra Prakash cloth store,27573560,1584
9950300721,BHUMIKA GARMENTS NADBAI,27480872,196
9799825362,shubham departmental store,27577980,4896
8104666255,Om Shiv trading company,27591073,8616
9785561343,Shri Radha kishan mart bharatpur,27739700,6831
7014754022,shri salasar collection chomu,27587568,112372
7062139481,"SUNIL KIRANA & GENERAL STORE, ROAD NO 9",27591806,15902
9602798787,HARI OM READYMANT AND FOOTWEAR,27603775,594
7976331898,"HEMAKA VARIETY STORE, VKI ",27593048,3282
6367905029,anjali fancy stor,27605275,3040
9414221778,SHREE KRISHNA GARMENTS,27606881,792
9024449658,Baba cloth store panchaywala,27611570,4424
7014099439,FASHION POINT,27611167,1892
9309302877,maharani garments chomu,27610535,6549
9314061259,bagariya grah vastu bhandar,27613689,12913
9828704519,bagra garments chomu,27613276,11192
6376415762,jaipur readymade house,27613995,11732
8005918390,Heam shri Ledis and gents fancy store,27624958,1521
9828296944,shri mhalaxmi fashion,27636327,3777
8432206221,Shri Shyam rajputi paridhan,27632105,1386
9024741315,Gothwal collection Bajaj Nagar,27638209,10827
9001664805,KHANDELWAL CLOTH STORE KALAKHO,27638410,3312
7339939757,RK Fashion Hub,27645035,15932
7877798616,SONU GARMENTS 02 SANGANER,27655437,330
9829426052,"PRATIKSHA BEDSHEET EMPORIUM, MPS",27676721,2758
6378524494,LOKENDRA SINGHAL TILANGA GENERAL STORE,27680127,42
9950245050,MANAV GARMENTS,27682512,9348
7742789286,reeturaj garments ajeetghar,27684344,12129
9828134655,FASHION GURU COLLECTION LAWAN,27687915,1826
8560998600,OM COLLECTION KUMHER GATE,27686930,308
9929922891,gosaliya readymade fancy store,27690311,18414
9950534369,"SHRI SHYAM TEXTIKLE, SIKAR ROAD",27692616,5904
8058525916,khandal Departmental Store Kankpura,27694301,1782
9667410226,RINKU FANCY STORE GHAS MANDI DAUSA,27694917,308
9521183162,shri shyam readymade garment itava,27700361,6113
9928046459,veer teja collection hathoj,27711134,11200
9214666590,Vrashbhan store 002,27711383,2618
9929687031,Cool Style,27711541,1584
9887560526,JAISWAL COLLECTION DAUSA,27713355,1980
7014298908,Tanvi collection 001,27720232,18059
9468865180,RAWAT COLLECTION NAGAL,27728380,792
9950489172,SHREE BALAJI GARMENTS NAGAL,27727866,990
7240505050,SHREE RAM READYMADE NAGAL,27727865,2346
7062501179,MEHRA GARMENTS KUMHER GATE,27919296,139
8890689701,shree ram textile boraj,27737414,6185
8114459144,Shri shyam footwear Bagru,28068138,4989
8619153172,Radheshyam Jitendra Kumar boraj,27740275,5463
9602505794,"P.B.N COLLECTION, BENAD RD",27743130,5281
9829375110,style Hub,27754809,7502
7665352856,palak fancy and matching center,27763752,9304
7877122770,nathulal chiranjilal,27765503,18657
9351602603,jai durga garment,27772301,5992
9785860752,laxmi shoes and general store,27771140,8635
9351717700,nirmal general store,27770476,2287
9784631242,sourabh selection,27772644,10430
9460860868,deewan fashion wear,27775582,47531
6367316842,maa bhawani garment,27775108,5202
9024805080,shri shyam garment,27774835,43397
9511568079,star collection,27773006,39587
7610011182,hibah fashion ajeetghar,27777520,792
8824938164,Thakur ji Radha Rani,27783466,462
9799235527,deepak garment,27787234,65415
9694341982,m u brothers collection home,27788811,2442
9529005510,"MATESHWARI KRIPA GARMENTS, AMBABADI",27784709,13283
9929124322,mohit garment,27787630,462
8058888612,satish general store,27786870,39249
7014984231,sawariya kids wear,27785689,2156
9694790131,sewa footwear,27784524,4402
9252845420,balaji cosmatic,27792317,18326
7065800801,deepak fashion,27791607,11566
9024062200,fashion india,27791249,396
8890717190,RP GARMENTS (NADBAI),29039376,5474
8955304644,sai garments,27790722,3564
9887883834,yash fashion,27790771,616
8764469467,Kanak Enterprises,27793398,2786
8890781212,brand boy collection,27801439,4752
9358794215,KARTIK GARMENT 001,27506441,9784
9024727120,Vinod department store Sushant City 1,27810637,1540
9610025327,Goyal footwear,27813278,308
9660576849,Tanisha fashion collection kalwar,27813390,28
9929983840,kiddo,27818015,8822
7790941709,shri balaji footwear kaladera,27818811,7604
9928271078,NANAD BHABHI PARIDHAN & BANGLES,27828512,2477
8890246843,b h cosmetics pavta,27851500,2002
9782041392,lakshy fashion point,27853467,828
9782162545,Govind Garments,27857075,1344
8824633761,Mahima Beauty,29384716,10764
7014048297,radha govind collection,27855129,3703
9887105052,S G STORE,27857739,19188
9950208291,shri ram garments,27855743,3032
8209379892,P kids Zone ,27877402,3296
9887432539,shri triveni garment,27877744,454066
9887286765,fhuji collection paota,27880286,4326
9024356469,goyal fashion,27880527,13146
8739980997,Subhash store paota,27881295,1232
7014670758,ANAND STORE DAUSA,27892158,3546
8440004924,LAXMI GENERAL STORE TONK ROAD,27894198,6580
7297067739,ma bhavani footwear paota,27894826,28
6360117347,Saloni hojari chitarkoot,27890546,11654
9694292424,sagar mega mart,27900959,7032
9602191934,khatana garment,27904530,157426
9929836793,jodhpuri safa and garment,27914338,1260
6378321308,amrit general store,12436299,196589
9549823279,jagdamba readymade and footwear,27919966,5750
7568734310,Saloni Enterprises Hatoj Jaipur,27916906,308
9529350190,shivay fashion,27918940,6737
8003133604,LAXMI FOOTWEAR GOLAKABAS,27921383,2222
9928513103,pooja fashion plant sikar rod,27943043,10592
9887161269,yash fashion hub mittal plaza,27966281,6796
9928265493,govindram kelash Chand cloth store hasteda,27973658,8982
9664268460,A1 garments Dhabas,27976715,396
9530484234,Shri Yarana fashion,27978548,2177
9829266877,VLF FASHION,29437314,4626
8302250784,Discount king,27979996,5393
7296873620,SS fashion,27998310,5917
9929234923,lucky garment,28007147,5208
9828866367,Pawan garments manoharpur,28012151,2448
9828104785,Parth enterprises Niwaru road,28015738,17318
9414968400,Dariyav garment,28018831,10790
9462645866,Khandelwal brothers,28033528,10789
9672725562,SANWARIYA FASHION DAUSA,28041328,1584
8384949968,"SRI LAKHDATAR MARKETING, MPS",28043013,238823
9799082796,Silver bells tunga,28053891,1232
8890230149,Vijay laxmi garments and footwear,33385544,1703
9928994727,Ganapati fashion tunga,28054666,574
6378102734,RAJYOG FASHION patrakaar Colony,28054840,14124
9887500571,Jalan multi store satya nagar,28061662,506
7790914374,LS fashion mundia Ramsar,28063924,1518
7414006264,"VAIBHAV FANCY, MACHEDA",28062254,5814
7568534310,Saloni Enterprises Hatoj Jaipur,27916906,792
9460986064,Agrawal textile vaishali nagar,28067025,594
8949961164,"SRI RAM COLLECTION, MACHEDA",28066786,16291
9694945151,SHOE WORLD,28067772,10029
9782104842,vansh collection,28142051,2030
9694300590,murli life style,28146461,4676
9799614962,Shree Radhey Fancy Store,28175540,3586
9928585365,Shiv Kripa General Store,33577128,1392
9460747979,Shree General Store,28199520,21684
9929423460,Hari om fashion Niwaru road,28202487,8344
9252234600,Raj faision Nadbai,28202599,8868
7742875567,chitra collection manglam City,28204788,4491
9829573178,M L fancy and gift store,28205026,693
8560040944,Fashion Hub 2,28205620,9480
9057199934,"THE FASHION AFFAIRS, MALL ROAD",28205556,4741
8963863622,Jain Fancy Store khatipura,28207584,4553
7976881430,Chanchal Fashion collection and gift,28212362,308
9468888860,GAYATRI MART SETH LAL CHAND COMPLEX,28216247,2529
8239171430,janki ballabh rajendra kumar,28275688,50838
9829147974,Deepak readymade Malviya Nagar,10299006,3102
9672506766,"THE PARTH COLLECTION, MACHEDA",28332023,183
9929739872,"SPOT LIGHT FASHION, LOHA MANDI",28335429,119
9588051403,GAJANAND READYMADE KARAULI,28338341,4084
9461164162,"SHAKAMBARI TEXTILES, MPS",28354017,1974
9829789643,kalyani store,28359049,4742
9602598525,ganesham collection,28378166,3568
7742575715,shivam dresses shahpura,28380129,7100
6378975199,yashika fashion,28382960,1474
9782414553,amit garment pachyawala,28385455,12732
9785996560,sharstha butique,28385501,4623
9782638205,OM FANCY STORE DAUSA,28390973,396
9782704937,SHUBHAM READYMADE GENERAL STORE DAUSA,28390974,616
9602543851,Mahalaxmi collection jawar nagar,22465036,594
9509138181,Mayank fabric jobner,28403528,713
7014059989,mahesh hosiery,28410029,6776
9602867009,"NIVI FANCY STORE, BAD PIPLI",28411844,4804
9887987820,"PRIYA COSMETICS, GREEN PARK",28419681,1364
9461330153,"RUDRANSH FASHION, GREEN PARK",28446576,4355
9057670630,A B C COLLECTION RAJAPARK,28449018,396
8209167630,A One Hosiery 002,28416502,616
9782598759,"GM ENTERPRISES, GREEN PARK",28445628,4948
9783837677,hari om general store,28416048,22081
8209014449,shri ram cloth store,28426311,1716
8003567960,"SINGHANIYA CLOTH STORE, RAJAWAS",28412170,2040
9782696101,"VISHAL FANCY & GIFT STORE, GREEN PARK",28444187,31009
9166499873,gopal das hans raj,28455385,1309
8118854226,"SEERBO FASHION, JAMUNAPURI",28457774,1892
9784414328,Shri Ram readymade garment,28487399,462
9782439108,Divya hosiery Vaishali 001,28496032,308
9549044945,Shri Guru kripa handloom karni patak,29885552,18278
8058836311,"SHREE BALAJI TEXTILE & READYMADE CENTER, BAD PIPLI",28505046,9877
9079750540,SHARMA GARMENTS PRATAP NAGAR,28521276,3014
7073167940,MILAN TRENDS TONK ROAD,28534257,630
9352833826,MOHMAD HARUN KARAULI,28541169,396
9610161335,PAYAL GENERAL STORE  KARAULI,28541172,396
9252411920,PRIYA HOSIERY MAHESH NAGAR,28540755,3800
9785054029,RAJ SHOES CENTER RASHID ALI KARAULI,28541170,1518
8955459910,SUNIL GENERAL STORE KARAULI,28541167,1568
9664077141,Rajshri sarees murlipura,28559790,3402
8387035552,Siddhi vinayak kids wear hasanpura,28560603,1169
9509730230,MAA COLLECTION JAGATPURA,28584004,2452
9636758034,mahalaxmi textiles dhawli,28594245,5314
9079282288,sundar kirana store,28594150,2424
7877840804,Rajlaxmi fancy,28603899,14754
9828128472,Bliss Clothing,28618640,462
7822803039,SHIVAM FANCY AND GIFT CENTER MALVIYA NAGAR,28620749,4744
9887384917,SHRI LAXMI GENERAL READYAMDE,29553550,1617
9265830642,Niti  hosiery Udaipur,28659873,236918
9571787279,guru kripa hosiery and garments Jahar nagar,28678388,5310
7073597922,Jai General Store,28676865,180
9001732953,daya garments,28682120,3643
9667169408,balaji sports,28699779,2728
7849832300,TOUCH POINT FASHION AND GENERAL STORE JAGATPURA,28719965,7100
9828436942,Kanchan hosiery,28723478,5284
9829088874,karan,28729688,4587
9782129999,shree ji wach and gift udaipur,28737441,8302
9887819641,mateshwari textile,28746050,4676
9929379299,Renuka agency,28747009,539
9588294828,Fashion Guru001,28860988,10534
8209393081,tambe collection murlipura,28859755,2334
8302424629,pakija garments,28872063,10516
9314683397,Teez fancy store Barkat Nagar,31280124,1144
7014940525,Shankar shoes,28880177,1456
8854952636,NK FANCY,28882921,16741
9828705549,NOVLTY READYMADE,28882223,133202
9829789548,R R SALES JAGATPURA,28885679,308
9882702011,KAMAL FANCY,28886711,308
9672109080,DM HOJRIY,28896085,1348
7976260562,Manoj sales,28896545,6572
9351518846,Sheetal suit saree jawahar nagar,28897957,924
8955239072,Vartika garments,15828458,3641
9521588201,SIDDHI COLLECTION,28905117,1738
9667136101,GULAM RASUL AND SONS,28908642,4800
9772785022,JYOTI SHOE,28907791,396
7976310302,MAHADEV GARMENTS,28909132,8574
7665342219,RAMDEV CLOTH STORE,28908544,11358
9610610453,SHRI ACHHINATH GARMENTS,28908880,4873
9983783171,VISHNU GARMENTS,28908837,16842
9314488002,future collection,28912422,2610
9772097912,GOYAL FANCY STORE SEC 3 MALVIYA NAGAR,28910318,798
9667964866,love collection,28910940,15712
9619229567,Mahalaxmi readymade,28910367,13371
9928270592,Nakul readymade,28911025,3402
9460271795,TODI KISHAN DRESSES,28911843,6082
7737555228,7 d fashion,28913276,4742
7014965673,Adarsh beauty center,29228689,1568
9057583343,GANESH BAZAR,28913708,4741
8233336777,Mr mad,28912965,928
9887641370,KAMBALWAL FOOTWEAR KATRA BAZAR HINDAUN CITY,28954278,4344
9414828897,SHREE MAHADEV FOOTWEAR KATRA BAZAR HINDAUN CITY,28953487,1944
8562029418,DAKSH GARMENTS SANGANER,28955411,2156
8209812759,UTILITY CORNER,28962658,198
8058970505,SURENDRA MOHAN ASHOK KUMAR KATRA BAZAR,28964201,396
9460111526,VISHVNAAT KHANDELWAL AND SONS,28963592,6055
7850800213,HARSH STORE,28965003,21628
9694955849,yigini premium mans wear,28964634,12811
9829619073,manoj textiles manhorpur,28982493,55109
9636298647,MAHI SAREE & MATCHING CENTER,28982257,3294
9166767629,GOPI VASTR BHANDAR,29034083,3976
9829588606,ATM POINT COLLECTION MALVIYA NAGAR 1,29037793,17738
7891746833,shree shyam fancy store,29035893,8167
9024641223,Khandelwal Cloth Store 002,29039658,2832
8005943241,SHREE MALI CLOTH STORE,29041718,15120
8385842420,kirshna facy,29043420,13082
9928170475,MAHESHWARI CLOTH STORE,29046126,5126
9269891715,Dinesh General Store,29046408,4972
9414555360,NAKODA ENTERPRISES,29046239,21604
9414296613,parshva enterprise,29046250,10981
7737186079,PANWAR BAGS,29047076,4734
8561068509,marudhar super market 001,27507450,1406
9950890378,pancholi garments kaladera,29053427,17865
8290893670,Santosh fancy,29056652,2628
7742528349,LUCKY COLLECTION,29058301,8177
8209439348,RICH BABY MAHESH NAGAR,29125511,2810
9828453436,New chadda provision,29064852,364
8619507250,Shree Salasar Balaji Collection,29065941,7248
9772228171,BOMBAY READYMADE,29069957,3204
7597031275,Shree Arihant Garments,29067531,6852
9461384825,Naira collection,29071476,4886
9602628851,raj garments chomu,29070654,3594
9829636694,SD FANCY AND TAILOR,29070239,9074
7877518186,Rajesh general Store,29093025,2656
9461577618,KHUSHI GARMENTS JAGATPURA,29095030,2868
7737317611,PREM COLLECTION,29095627,1210
8114466957,Om General store,29108090,1438
7220053487,LADDU GOPAL FANCY STORE SANGANER,29109099,308
9636904040,Vanshu Garments,30154255,11941
9351156419,MILINIUM COLLECTION,29143034,648
9929955651,agarwal Colletion dhanota,29148935,5628
7627033180,REAL UNIQUE SHOES,29149363,7066
8290822032,Thakurdas choitram,29152844,2590
9414459834,Jain fashion shopee,29153048,1100
8952021931,Maa vesno devi bengls end fancy store,29153127,2457
9413871082,SELECTION FANCY,29153356,770
9460242867,Badrinarayan Aaskaran,29153375,5380
9694210040,ITDC,29158072,1543
9929418575,New fashion house,29158779,8190
8432559814,samiksha variety collection hasteda,29158939,1710
8619430007,Sai collection,29161656,22256
9829485293,Jai Ambay gift,29163328,858
9636510397,GANGWAL CLOTH,29167012,2036
9414415690,NISHA ENTERPRISES,29168977,25425
9829384030,SN COSMETICS,29171708,7246
9887382930,ARIF CLOTH STORE,29171736,352
9887606041,YUVRAJ READYMADE,29172296,13763
9414007357,BAROLIYA VASTR BHANDAR,29176309,462
9660566626,mahalaxmi readymade garments itwa,29177253,3402
7300107448,FASHION HUB,29179610,21264
9828705986,GOPAL CLOTH STORE,29180733,7718
7014416608,JODHPURI SAFA AND SHERWANI,29180833,2492
9829567002,KARISHMA Bangles,29180939,2545
8741000876,SIDHI VINAYAK HOSIERY AND FANCY STORE NIRMAN NGR,29219030,10036
9610515155,Balaji readymade garments chandwaji,29191713,2352
9829183065,shiv shakti cloth store,29190159,26122
8209433764,suvarn collection,29191436,3670
9352555250,taleshwar brothers,29191730,6408
7727819664,LOOK AT ME,29198578,2020
9460158466,PALAK NOVELTY,29198441,1686
9785219817,unique cosmetic hub,29198533,3996
7665402484,RADHA SWAMI HOSIERY,29200546,5935
9829294080,Namdev general Store,29203711,495
6377576981,ANURAG TEXTILE,29212230,2024
9950892676,nutan fancy and hosiery centr,29223450,6289
8875724881,STAR GARMENTS,29222984,1012
7073919555,gravity fashion,29229546,4392
8824207543,jai hanuman garments samod,29227391,8506
7300257740,"MANTRA TEXTILES, LAL DIBBA",29228750,1386
9461529516,Shobha readyment garment jagatpura,29229734,704
9461059441,Kavita belt,29234563,1872
9351825772,baba fancy store govindgarh,29242473,4249
8385003977,Bombay garment jobner,29243011,5038
9829574327,solanki readymade govindgarh,29240941,808
8058937430,rishabh Colletion kaladera,29248041,23852
9829438405,"KHUSHI FANCY & SAREES CENTER, SINDHU NAGAR",29255230,2376
9828086780,FRIENDS FOOTWEAR,29260028,3456
9079788650,MORDAN FOOTWEAR,29259733,7948
9001999906,Nanhi Kilkari,29257584,220
7878903364,Rishabh General Store,29259557,17379
9784308524,SHREE COLLECTION,29258021,2918
7737540693,Shree Fancy Stationary And General Store,29258688,8842
9829119679,Shree Krishna Readymade,29258807,1210
7023773426,FOJI FANCY,29261037,550
9314502646,Rajasthan textorium house,29263296,4627
9460358833,PHATAK GENERAL STORE,29276110,2044
9672139489,BOMBAY POINT,29281102,14135
9829331472,DEVNARAYAN CLOTH STORE,29277467,4310
9829623641,HARI OM CLOTH STORE,29279450,616
8696589133,NITIN COLTH STORE,29278747,8756
7734963451,ravi Emitra and fancy store,29280206,3017
9986822895,MAHADEV GARMENTS,29283814,8734
7737664125,BHATI BROTHERS B,29285078,1848
9251136936,Shyam Collection Phulera,29294866,1067
9660428721,Om Collection Phulera,29300416,16834
7230990491,Rahul shoes Phulera,29301321,792
8426844821,LAXMI MART,29306060,9684
9928081318,Next Generation,29308521,3960
7014464377,PALAK GARMENTS,29305925,3860
9461161221,POOJA GARMENTS,29307921,2324
9166354742,Shri Ganesh cloth store,29308236,2646
9784593212,Bhavna collection,29310286,8946
9649760779,OSWAL HOSIERY SCS,29311640,3428
8947942235,sarvanand hosiery,29310694,308
7728829799,PARJAPATI FANCY STORE,29325584,10660
8696340633,Sakunya Treders,29330956,10206
7877282930,SHIV RAJ FATEH RAJ,29338434,2464
9982494602,Shiv ready made,29337052,70106
8619434494,GANPAT LAL PALIWAL,29338790,6498
9587144361,HARI OM GARMENTS,29337990,20499
7014187959,Maruti collection Maruti kishorpura road,29338253,3259
9763790725,SHIV FANCY STORE,29340050,16396
9887382982,visakha fancy and gift Store govindpura,29339462,3790
8503815115,AK GARMENTS,29347801,22844
8094124472,Chohan Readymade,29355783,924
7610088577,J J stylo shivar mod,29355715,7110
9672723232,YOURS CHOICE ,17841653,8678
9509807335,tiwari readymade,34377849,32542
8209248233,Balaji Garments Luniyawas 02,27508228,1487
9784639923,shree shidhi vinayak garments itwa,29361266,19183
8871202068,Ashok Kirana store,29364777,2288
9928013474,Mahalaxmi General Store,29369735,1232
9875705070,Shree Chothmata vastralay,29369985,16182
6350266787,JITENDRA GENERAL STORE RAILWAY STATION HINDAUN CITY,29373615,524
9929067419,new Mahadev General Store,29370307,3128
9667709191,Gaurav repayment and hosiery collection jagdmba market hindaun city,29374321,2497
9351226153,Mahima general Store,29382351,14518
9166900769,laxman readiment store bhaylapura market hindaun city,29396910,524
7737713690,SA HOSIERY,29390342,67414
8140756404,DaDa poata 99 store,29398972,5010
8890843839,sparsh,29402108,10962
7094520776,BHAGYA SHREE GARMENTS ,15842229,21700
8769695695,MAHENDR READYMADE,29403542,10668
9933932226,pooniya mens wear niwaru road,29409385,9836
9772748308,satyam collection Khandela,29425398,1584
9950555225,SATGURU CREATIONS NRI CIRCLE,29432374,4232
9351097941,Shushil kumar vinod kumar jobner,29432120,1694
8740062958,KAJAL FANCY AND GENRAL NRI CIRCLE,29432673,5641
9352215292,Choice collection 001,27508137,8662
8890257000,Fusion  Tauji ka circle,29437734,3470
8442003335,SHREE MUSKAN COLLATION,29442560,2057
8003726722,GANPATI FASHION,29445605,1309
9460546850,RAMESH CLOTH STORE,29453502,6515
8949715484,Airline general Store,29456671,3836
7891143382,Gopal general Store,29456007,5863
9928218320,Mohan Provisional Store,29455747,6768
9001994478,Unique Choice,29457745,10577
9602042331,Rekha general Store,29458299,2706
9799612584,Mens garden,29462775,3102
8387882812,Shri Jagdamba Enterprises,29464565,154
8949638622,SAI BABA GENERAL STORE,29456088,4581
9782176956,laxmi garments chitwadi,29473080,12682
9929222246,Baba barfani general Store,29477158,2178
9983648278,Jodhpur paridhan,29474438,27947
9414684645,laxmi cloth store,29476041,11956
9950355058,ubeshwar nath collection,29475141,594
9309053896,NEHA GARMENTS SECTOR 8,29481652,8428
9001144717,RAJA BROTHERS,29484949,8972
9887008943,shree ji collection mandi,29486360,1540
7014192103,City Faishion btp,29490250,2398
9828037402,HARSH COLLECTION,29489540,5230
8955947543,Bombay fancy store,29494233,924
9521312315,ravi angncy ajitgarh,29495063,4942
9057201325,Singhal hosiery,29501891,20952
6350405648,GORDHAN FANCY STORE,29510249,3626
9782032841,Nitin fashion,29510211,1804
9166648887,Shiv shringar general,29510112,770
9828168991,Shyam sari,29511052,10238
9414931435,Nagar textile jobner,29517135,1400
9214496258,Ashok Readymade,29518789,3179
9351564240,ARYAN MOBILE POINT,29180669,2872
9782002896,ritikha Colletion and footwear tigriya,29536247,6228
9460609485,MAHAVEER READYMADE,29543977,8910
7014429649,J J HOSIERY AND GARMENTS NRI CIRCLE,29548337,3384
9462939714,"MAA JAGDAMBHA GARMENTS, JWALA MATA",29548301,29980
9828364477,Agrawal dresses,29559829,168
9784179301,ARUN GENERAL STORE,29562895,1162
9664483353,mahalaxmi shingar and gift palace,29562457,7265
9829852070,MANPASAND READYMADE AND GARMENTS,29637955,30084
9950400867,S R FOOTWEAR,29640306,10124
8104663418,SHIV READYMADE AND SAREE CENTER,29640098,3388
9649282030,Shree Balaji general,29637912,3794
9928385522,SHREE KRISHNA KIDS WEAR COSMETIC STORE,29638538,4014
9461862319,Hillview Garments,29633558,115842
7014966330,SHIVANI SHOES STORE,29641142,154
9983355744,HARSORA GENERAL STORE,31591896,2926
8949694863,OM SAI COLLECTION JAGATPURA,29658065,2654
9667608440,RAJ SHREE READYMADE,29657728,24734
8003115416,abhiash garments radawas,29659289,396
9414576685,Prakash garments,29661468,8001
8949177378,Krishna garments,31572528,33902
8875767177,Jain kirana store,29663882,13556
9887492049,Shri Guru govind fashion collection Mansarovar,29664318,16391
7732837494,Protonze mens wear jobner,29669462,792
9784499216,JAI GURU KRIPA GARMENTS,29687103,1386
9413843587,JAIN BROTHERS,29687051,1782
9928505151,JAIN COLLECTION,29686928,3006
9782522227,JAIN NEW FASHION MANSAROVAR,29692863,1970
9785106945,Kohinoor garments,29693102,1134
9929964100,NAAMDEV CLOTH STORE,29695972,396
9982488030,Shrinath general,29704842,990
9799428006,Agrawal readymade,29707936,1540
8302160508,Gopal krishna general,29709698,2539
7014180284,"AMAYARA COLLECTION, MPS",29713705,2288
9694122666,"SANSKRITI SAREE, MPS",29713572,968
7742239182,bherunath collection,29718275,770
9672832070,Harlal Mohan lal dhakad kirana,29718987,2394
9867907951,shree ram collection,29719651,616
9914396505,Shree manihari Mandir,29720297,1320
9929601674,shree ram redimaid,29720137,616
9352519316,Vikas pan,29719879,2662
7976963573,"HARYANA TRADING COMPANY, JODLA",29726377,506
7014549641,G S FANCY,29730774,1298
8441942098,mehata vastarlay raipur,29730156,17948
9413667427,MEHTA VASTRALAYA,29730271,793
9024581406,ANMOL READYMADE,29734770,13118
7014815941,BOMBAY FASHION,29734934,2742
8401912400,Chamunda cloth,29736284,3816
9982399968,MAA SATI COLLECTION,29734846,6820
9001136340,MADAN LAL RIKHAB CHAND,29735128,1700
7690099420,MAHENDRA KIRANA STORE,29735096,2970
9414433411,MANIHAR GARMENTS,29735036,11692
8503010490,MOHAN GENERAL STORE,29734979,5016
9928356787,PRADEEP NEW FASHION,29734895,1188
8239175220,FALODI COLLECTION,29735693,2828
9660560472,shri sawriya seth Colletion radawas,29737532,6138
7568985382,CHAMUNDA GARMENTS,29745045,7154
7597187911,JAI SHREE KRISHNA CLOTH STORE,29746307,1848
9587990975,REKHA CLOTH STORE,29745845,3910
8828344867,navya collection,29748778,1540
7023374900,Shiromani readymade,29747849,924
9694721543,Radhe readymade and garment,29751117,198
9828750084,RAJPUROHIT CLOTH STORE,29750034,616
7689057275,G N Collection,29757740,4844
9413681523,MAHENDRA KIRANA STORE,29735096,14753
9829536052,KOHINOOR FANCY STORE,29763644,1422
9928016367,Patel readymade madari,29763929,1652
7792851276,Vidhata footwear jobner,29763417,2162
9694298848,Mayank kirana store naya bass jobner,29768184,17097
9001349180,NEW BALAJI KIRANA STORE  NAGA BASI,29769674,3717
9829092890,Khandal departmental store khatipura,29777510,322
9529777701,Goutam general,29779547,1260
8209507465,the Girls By R P G Kamla Nehru puliya,29788588,396
9887817679,radhika garments manoharpur,29792240,2936
7240029880,RITU FANCY STORE NRI CIRCLE,29793347,154
8104644651,Shri Shyam sales,29796117,129425
9116420921,ashu aman hosriye dhawli,29817871,1267
9549690855,Mahakaal collection,29842497,1232
9928434976,maheswari garments govindingarh,29840999,21670
9024443736,Meena general Store,29862433,1148
8003853989,BANSAL HOSIERY,29896586,1386
8003991391,vaibhav enterprises,29902804,44338
6350182708,Bharat general Store,29914548,1386
9799545157,RJ28 Collection,29917990,2706
9587603495,annpurna Poshak Ghar kurabad,29938783,12060
9571024553,Annapurna Store kurabad,29939274,7684
9799016555,Sai collection Pratap Nagar,29941126,2128
8209460361,Solah shringar,29940963,6292
9079741102,Rakhi General Store,30009520,832
9887134417,shearee garments ghasmandi dausa,30009720,1408
9799000406,Ruhi Sadi center,30019289,24340
9214348463,GAYTRI GENERAL STORE TONk,30025229,4536
8952837330,Santosh Bengals and fancy stor,30025024,103345
9785300113,shri balaji redimade kanerpura,30025326,506
9352828334,FASHION PLAZA TONK,30027674,5661
8949203276,GOLDAN HARD GELLERY TONK,30035830,1260
9214883888,GURUDEV GENERAL STORE TONK,30035831,2052
7665203215,MANJAY FASHION TONK,30035829,396
8003273583,Ludhiana fashion sale,30050450,15423
8952848532,Manvi fashion point bagru,30049771,9418
9413580214,MOTHER GARMENTS,30051372,18756
9414468385,RAKESH READYMADE,30051022,1606
7792044924,RS Fashion,30052308,5958
8432897052,Heena general Store,30078269,3696
8560061465,Tiwari fashion point,30078713,3744
7597977540,RANDEDH ENTERPRISES,30079127,22870
9610363966,RIDDHI SIDDHI READYMADE PEEH,30079178,8579
9928334226,Shyam Store,30079168,12732
9460174205,Omkar collection ramesh ji gupta,30091016,3520
9529819644,kuvar sa readymade,30106351,6223
9784285185,Vankhandi general,30109144,35878
8058758111,Chandra shri Fashion hub,30114150,1012
9460292154,Jay Mata ki ladiss garment pratap nagar,30113526,92
9829043380,KOMAL GENERAL STORE,30114210,16362
9782442071,LOKESH GENERAL STORE,30114088,2766
9549272421,NEHA CLOTH STORE,30113927,13626
8302227101,OK BOOT HOUSE,30114325,9300
9462502728,PUSARAM SUBHASH CHAND,30114042,2369
9783340298,RAMESH CHAND RADHA KISHAN,30114072,1290
8955442150,YASH COLLECTION,30113969,17709
9414479089,Jain kirana store department mansover,30115403,154
9352488846,prince readymade and garments,30116901,2697
6377261656,sahil fashion and kids wear,30123582,3759
7691801409,Oswal collection,30157641,6930
9001904391,shiv readymade,30174062,770
9928006419,pooja garments govindgarh,30178882,5892
9784717728,Krishna general Store manchwa ,30347635,1714
8779661910,shree krishna fashion,28911271,12476
8233212477,ARUN GARMENTS KUCHAERA,30360831,902
9672007490,karthik fabric,30362064,2233
7597470311,MAYANK GENERAL STORE,30361793,5348
8890896750,RANA BHAI KUARADA,30360980,12339
9588826775,ARIHANT COSTMETIC GIFT ITEM AND FANCY STORE MANSOVER,30364132,924
9982070011,Shree Nakoda fashion,30365025,462
7014670588,MANGAL HOSIERY TONK,30377492,38268
8559866222,Choudhary garments,30380101,616
8432562772,KHOTARI GENERAL STORE,30391264,10832
9660344971,annu redimade itwa,30391762,10349
9414888061,Shyam cloth store sodala,30411037,3094
8502080041,RAJESH FANCY STORE,30449654,9318
6377025640,SHRI CHARBHUJA FASHION,30449605,8994
9829242493,Rimjhim General Store,30463961,1800
8769987922,Upasna fancy and maching center maniyawas,30463766,1628
8005867904,AGARWAL STORES,30665650,14192
9928825881,Durga garments,30666757,2926
9460705443,Shri Shyam garment boraj,30667812,4572
8239378984,Shweta Fashion,30669182,634
9680449677,SHYAM FANCY STORE,30673698,308
9461063982,Laxmi cloth store,30676206,6441
9667352745,fashion nra,33247569,14009
8947868797,Lakshit hosiery and garments,30691469,19736
9950690162,unique collection and readymade,30691055,1078
9414517621,khandel readymade,30706697,1575
9314654890,Avtar beauty palace mahesh nagar,30717936,7516
9649198726,JAI MATA DI,30718312,1078
9785902968,Shri Ram Garments,30723966,13576
9782913908,"ASHOK KUMAR NAND KISHOR, VKI 17 NO.",30724513,5446
9521611904,stylish hub itwa,30740754,920
9828080825,Gupta department store,30760344,6474
9828426105,Kumkum cosmetic and service centre,30760967,4380
9414396505,manihari Mandir,30767142,2477
9920388897,UNIQUE COLLECTION,30766470,1224
7597392256,ADINATH READIMENT TODARASINGH,30787197,594
9928465227,NAVIN FANCY STORE TODARAISINGH,30790492,3996
9414348821,KUM KUM HANDLOOM TONK,30805311,4122
7568264425,JAY BALAJI  GARMENT TONK,30805794,1440
9829253415,fashion corner nirman nagar,30807867,1732
7231029286,Royal collection Bad ke Balaji,30816854,9762
9352503441,Kaka ji readymade,30819109,3262
9610814959,pooja armi store,30855636,5576
9587788490,Riyansh Garments Kanota,30857595,7384
9829360509,Jamuna Readymade centre indra bajar,30860632,90
7976876715,The Gulabi Nagari Fashion 01,30867687,1595
9887280555,AKKU FASHION MANSOVER,30871697,1485
8107508806,RATHOR GARMENT BHAWANI MANDI,30896659,10136
9887535131,laxmi footwear,30903940,3744
9982778086,MAHADEV COLLECTION,30919362,13988
8209973693,NIRMAL KABRA,30919361,2934
9828235371,Waheguru Collection,30919245,737
9461829464,SHREE JHULELAL COLLECTION,30924706,1359
9829370243,RAKESH KUMAR MAHESH KUMAR HEDA,30929361,5852
8890887621,SHREE NATH VASTR BHANDAR,30929405,616
7014768334,SHRI HEERA GARMENTS,30929531,3840
8003949606,raj collection,30933965,10342
8239735792,SHREE DEV GARMENTS,30931731,4532
8107196154,power look,30934783,8284
9001217864,Shri Shyam bangles,30940299,1309
9414683842,swastik vip corner,30945795,6216
7597930530,Shri Nakoda fancy store 001,27507120,792
6377274727,komal genral store dhanota,31039071,3319
9785653819,Ds garments 001,31059854,25380
9001464347,shri shyam fancy store triveni nagar,31065629,1232
9460646660,Aadinath general,31069092,1782
9929416166,Shri Shyam readyment and textile bajari Mandi,31128364,8748
9261462408,"TRISHA FASHION, MPS",31143207,1518
8058068774,janta Colletion hasteda,31144739,2095
8600000222,Vajpayee Fashion,31156978,1694
9610531515,satish readymade,31167914,6434
9057581046,rishika sales agencies chomu,31170492,4114
9694302731,SONU GARMENTS KARAULI,31170516,4155
8290306351,J K Footwear Boraj,31187579,17154
9660574780,om shiv cloth hasteda,31211406,770
9571114752,Look at me Bad ke Balaji,31244325,6192
9413472719,Ansari readymade,31261561,1254
7727080514,Himanshi fashion,31261205,5264
8890017976,Kabir general Store,31259754,3912
9828889846,Aastha general Store,31263614,990
9680839177,Hariom garments,31263767,770
8505022801,Shivam Collection,31265059,9365
6378267418,Shree falodi garments,31264014,1540
9829594269,Dhakad general,31271047,5595
9828711372,GANPATI COLLECTION KURADA,31270552,2376
9929835385,"SHYAM LAL SUNIL KUMAR, RADHAKISHANPURA",31384791,2310
9950701290,minal readymade and footwear,31495407,1969
9830692446,Aaliya creation Star City,31608107,21418
8619065172,Suresh cloth store jhotwara,31517940,1078
6376696200,GAYATRI TRADING CO. JALSU,31525257,1980
9829350685,jasmera collection sircy,31535789,1680
9001223624,THE GANPATI MANSAROVER,31537209,2178
9828026620,Chandu General Store,31552391,550
7427857297,POOJA FASHION BAJAJ NAGAR,31551073,154
9549484433,Kapil general,31584305,2358
9672283337,SHANTI CLOTH STORE,31583569,2274
9521464471,Sunil readymade,31583217,6116
9001757956,Nakoda shoes and readymade,31589441,3312
9929617686,ROVIN COLLECTION,31593983,946
9982765827,SHEKHAWAT BOOT HOUSE VKI 17,31604729,1903
7062055366,manglam fancy and gift store,31612390,1512
8619065174,Suresh cloth store jhotwara,31517940,6968
9660227326,dhruv garment,31643258,1523
7791835427,VIGNESH FANCY AND GIFT CORNER BENOR,31643492,2085
9414474071,hardik collection,31655961,704
8114408152,Payal fancy,31653353,1848
8290302710,rahul Colletion chomu,31658435,9286
9636367535,J k CREATIONS BAJARI MANDI,31662439,5079
9784502595,Agarwal Readymade end footwear gokulpura fatak,31680772,4058
9829541852,Navin fancy store,31767040,616
8619743528,Manpasand Fancy Store Dhawas,31790490,356
9782155825,roshani departmental store chomu,31791585,35811
9116338102,sanvariya collection nemera,31790622,25152
7568547809,vatara kirana store,31792205,2366
6375268700,HONEY NEW FASHION,31794616,11302
8824413788,New Gurukripa,31795766,704
7014487424,"SHREE SHREE COLLECTION, NAYA KHEDA",31799872,1927
7726973001,amrit collection,31814144,26736
9929911631,Chothmal uttan ladpura,31814761,396
9982468555,Tiwari Genral store,31818612,2574
7732812375,SHRI GOYAL CLOTHING COMPANY,31821819,7768
8003092262,R D COLLECTION MURLIPURA B,31828687,1188
9680774436,A To Z Rajputi Jwellery and Bengels Fancy Store,31840006,4745
9950246484,INAYAT CLOTH STORE,31841246,3538
7300050100,Shri Vinayak fancy,31841048,2266
8058578575,SANJRI GARMENTS,31844559,322
9785270027,SURAJ KARAN HARI KARAN RATHI,31845100,3300
9660766550,fashion corner,31844662,10656
7665364830,Shringi stationers,31846768,1288
9314884831,TULSIDAS MURALIDHAR,31850261,4300
9462100224,"GARG KIRANA STORE, PATH NO 7",32282838,616
9784672130,Vimal hosiery Surendra ji,32296618,1232
8005942112,ADINATH FANCY AND COSMETIC,32305082,3487
9024235830,soni readymade,32304743,4752
8619800146,VANSH GARMENTS,32309105,1298
7340637284,Aadi Ram fancy store benard road,32320944,2368
7793040238,OM COLLECTION BNARD ROAD,32318810,1854
9351312121,Vikas garment chauda rasta,32330344,690
6367437525,fashion paradise,32345926,1964
9829197083,Raj stationers,32355335,4656
8460577219,Hitesh garment,32366938,1518
9983755971,k k s collection,32369701,4620
8058940304,aadinath garments,32371572,2695
9351499288,krazzy collection,32377782,13156
9694744707,Dariya readymade panchyawala,32380012,3444
9983052134,"ROHIT PROVISION GENERAL STORE, DIVINE",32465827,4316
9887616647,himanshi art jewellery,32504360,1666
9214828366,BHAWANI MACHING CENTRE,32516466,594
8741098003,GYANDEEP GARMENTS ASIND,32516516,528
8209529245,HARDIK FASHION,32516403,748
9983739950,RIDDHI SIDDHI GARMENTS BAJAWAS,32516639,2354
9829630195,SHARMA JI,32516583,1876
9461626003,SONI VASTR BHANDAR LAMBA HARI SINGH,32516754,2277
9602648709,TARACHAND JI,32516932,2156
9782311934,Shri K d pandey end company kalwad,32553435,352
8005931663,mateshwari stationers and gift shop,32576040,11480
9509979051,maa shaankbhari garments and footwear Siwar mod,32592377,6072
9602783169,Samrat Colletion khejroli,32604370,3728
9549883885,SHIV SARRES KHORA,32605143,3418
9783790725,SHIV FANCY STORE,29340050,11856
7877536407,shri radhe Colletion fancy and footwear hasteda,32700879,5952
9530169137,rajasthani hub jalsu,32752483,462
9829611315,K COLLECTION,32770067,26262
9352563224,VAIBHAV FANCY,32775447,1628
9829283329,khandal footwear govindgarh,32828950,6512
9929119290,Pawan Enterprises,32830005,770
8890356808,Radhe Krishna garment,32829904,7032
9660868949,Riya collection,32830066,792
7665171002,sawariya fashion,32830195,792
9680080300,Vinayak fashion,32829648,8676
8947813743,kanha collection,32830387,3608
9001681456,nakoda dresses,32831149,6426
9929334531,Jay Shri Shyam Readymade and footwear Ringus,32929779,3600
9328052628,Raj sports,33114620,2058
9314466036,Gaytri textile,33129786,9408
9079650279,Shree Shyam vastaralay,33150010,1848
9636208632,Krishna family collection,33150809,1133
9928533039,M G COLLECTION,33150682,1307
9928122376,new nakoda collection,33150550,1276
8107328433,bherunath 99 supar market,33150967,2814
9799477453,JAY SHREE SHYAM GENRAL STORE LOHA MANDI,33158954,616
9950065963,Krishna paridhan,33164210,462
9602226979,new bharat vastralay,33166283,3136
9783797503,laxmi book store,33171722,770
8058494278,SHREE RAM COLLECTION 17,33171949,2310
9828373900,Jai Shree khajuriya Shyam collection,33173374,77
9610694699,MEGNA COLLECTION,33197719,1364
7891857046,Bhavna fancy store karni palace road,33230580,1843
7014917193,BALAJI KIRANA STORE 14NO,33236179,8934
8955782746,Gurunanak General store,33294288,3960
9461346999,Mehta fancy and stationery pandit Ji ki thadi,33360135,5412
7297800783,shri Lakhdatar Fancy Store,33405809,515
8619516529,MAHALAXMI ENTERPRISES,33427369,2706
7976697676,GUPTA GENERAL STORE,33443779,3326
9214241414,Lavi enterprises lalchandpura,33447195,15900
8094654243,ASHOK FANCY,33484159,2188
7740831195,Shree vinayak fashion 001,27507285,1220
9799600892,Santosh traders,33533196,35672
9460222700,BABA GARMENTS,33684650,1925
9982932771,Bajrang vastra bhandar,33683357,35601
9983759733,MAHARANI SHOES,33683315,154
9928150990,NAVEEN READYMADE,33683248,99
8278696954,OSWAL STORE,33684465,4968
9001350823,YADAV PROVISION STORE,33683285,990
8829093966,Atariya readymade,33687973,462
6376542661,Riddhi Siddhi vastra and footwear,33687827,4032
7976397658,Shree ji readymade,33688169,1166
9001313174,Gajraj vastralay,33690909,2310
6352327221,Bhawani vastralay,33709129,8288
8290141197,Kavita fancy and gift store,33720366,1242
8829800811,8 ELEVEN FAMILY MART,33730046,8381
8058788027, LAKSHITA COLLECTION,33855320,1080
8003929790,SHREE BANSAL REDYMADE STORE,33852079,33847
7738501073,Sonakshi garment,33852035,4302
9950634373,TANIKA ENTERPRISES,33856251,308
9529955248,Mahar  Fashion ,33862032,1232
9252570011,NITESH COLLECTION,33864622,6099
9833551372,Krishna garment,33875731,2354
8559997583,AGARWAL DEPARMENTS STORE NEW,33879488,4153
9785570490,Shri tirupati taxtiles kaladra,33911725,4386
6375698836,Jodhpur fashion,33927418,13886
9664211085,Rathore Genral Store ,33932245,2595
9351137124,Pareek Cloth Store Bhankari,33932607,3818
8890847182,K B MART,33935701,31080
8107096740,Shri Guru kripa market boraj,33945043,1659
8233705817,Yash brand rampura,33945268,4388
9330112406,MR BOYS MURLIPURA,33952035,1694
9887074750,Shri Parsuram collection Fancy Store Footwaer,33989013,16531
9636755180,RADHE RADHE,34002543,1854
9784807755,brand hob,34006707,2442
8107696866,j m d collection,34009179,3168
9610047203,manish readymade,34010495,5488
9928638207,"PAALNA PREM, PRATAP NAGAR CHAURAHA",34011619,3222
8441846317,Shree Vishnu Cloth Store,34014501,1902
7300461396,Mahadev Garments Sports Collection,34016082,2028
9887300850,Choudhary Cloth Store,34018070,2092
9309420003,"TANVI COLLECTION, BAD PIPLI",34021680,616
8209634766,Chandni fancy corner Vaishali,34022724,792
8233340521,Govind Collection ,34023788,692
9636604105,Kumawat Garments,34022696,1790
9828948114,Mukesh Boot House ,34024255,4164
8003744183,NEW KUNAL SHOES AND READYMADE,34023242,894
9460300216,SHRI BALAJI HANDLOOM,34023128,308
8104250715,Student Footwear ,34024769,396
9314698855,KumKum Collection ,34029455,198
7073867380,new sawariya garment and footwear,34029140,6310
9694186128,Shriram Fancy Store,34028780,1274
7073633917,darbar fashion,34032041,3552
9887387871,Yash Traders,34030456,1280
9782485940,Aadil Bengals ,34032932,308
6378680706,Dhaker collection,34043372,3960
9783890472,mewara garment s,34040628,7224
8209778345,RS FANCY AND GARMENTS MURIPURA,34047583,1808
9782178929,DEEWAN FASHION,34061826,308
9251353705,Rooplaxmi Garments ,34065741,1500
9252605744,Sushil Genral store,34061281,1316
8947935666,Tinu boot house ,34064179,1008
9928681911,Ashirwad Garments,34068611,1534
9001741169,Rahul Garments,34067989,1177
9785180579,Rinku Garments ,34070442,4173
9950644519,Shri Jagdamba Fancy Store ,34073442,984
9829690715,S D Mega Mart ,34074617,7848
9414703946,New Jodhpuri safa sherwani,34372420,1980
6376717349,Siyaram garment hathoj,34118882,1122
9782327513,Ajay Enterprises Paota,34129560,2468
9680571430,VANSH COLLECTION RAJWAS NEW,35002235,10306
8209300028,Rajesh Genral Store,34155653,198
9660581809,Usha Kangan & Cosmetic Center,34162038,1902
8209076334,A Square Collection ,34186545,2574
8233441200,Shri vastra Bhandar Ajmer,34188670,3256
9875166529,Divyansh Cosmetics,34213333,4364
9928579051,Sanwariya treding shekhawat marg,34215313,112
8387096263,Tejal good fashion hathoj,34291679,1540
8290448883,ridya collection,34312811,3047
9828395075,Goyal fancy Mansarovar Jaipur,34416160,1760
7740937314,mateshwari readymade collection,34488440,1628
6376579850,shivam collection,34489619,858
9892918032,Alankar collection,34490163,396
9057267143,fakiri fashion Mart,34495157,10536
9784421050,nalvaya garment,34498342,1606
7340360852,Navya collection,34497893,3672
7976434287,MATESHVRI SAFA AND SHERWANI HOUSE,34498507,2156
7727997356,tanisha collection,34499409,2970
9784294946,Dinesh Tailor,34502746,5040
9983927855,Radhe Krishna readymade,34506399,4464
6375449627,B D Baba Garments,34519607,2916
7742652186,Arihant,34541405,8784
9784840802,Purvik Comfort,34546944,396
8239241132,Himanshu fashion hub,27508282,330
9549669532,MONIKA FASHION,34592073,2322
8290584819,Payal fancy store nivaral road,34591978,2310
9772662810,PATNI COLLECTION,34599326,4704
6350538558,Vishwakarma mart,34637558,5376
9079304669,sawariya mobile,34642879,2970
8209343196,m j collection,34652316,922
8058091462,Shri Sanwariya Collection Chomu,34652108,1881
9414666148,Ramnivas Ramsawroop Paota,34686983,2336
9784999445,Shree shyam treading company,34704799,1232
9782130988,Mansa Devi stationary and General store,34740772,2242
8233697043,Jagannath general store,34789431,3603
9660969254,shyam textile hathoj,34794433,1400
8602811189,Bhairav Bhawani fashion,34827458,858
8619763394,Shree sanvaliya collection,34828113,1848
7062138658,Shri Radha Rani garments bagru,34833340,594
9680052929,Manoharlal general and Kirana store,34864799,7786
8058565709,Sundar General store paota,34865223,15948
9680180707,Harsita Collection paota,34875854,1172
9828260522,Vidhi Kirana Store Choki,34877670,1092
9079285837,Lalit Readymade Store,34883446,770
9892595117,maa  Agra vastralay,34883218,704
9571392967,Purnima vastralay,34892475,1848
6377420451,Vandana garment,34892412,968
8740811673,Ganesh Garments gangori bazar khejroli,34893621,5796
9776690038,Rajrani garments niwaru road,34905202,616
9413611204,Khushi garment Bhopal sagar,34912242,924
9352575867,dhan Lakshmi vastra Bhandar,34915835,18390
9462576207,Araham collection manglam City,34921098,2113
9509581414,R S Garments Dantil,34963918,1518
7073875076,Shri Balaji Easy Store Karana,34983232,2145
6378935762,Balaji collection bansen,35014876,1372
9887773367,mateshwari Readymade Store bansen,35014775,616
9772108348,Megha vastralay bansen,35014815,1628
6376705130,Shree sanvaliya garment bhadsoda,35014955,1617
9602418930,Narayan departmental Store,35021081,4032
9829314560,Ganpati textile lalchandpura,35022398,4658
7790905790,hemshree ladies and gents fancy store,35035814,1622
9694034686,JK Garment Ajmer,35052398,1056
9251264486,Saloni hojari chitarkoot,27890546,1525
9928739806,Lalit readymade Palace bambora,35072937,3740
7737110787,Padam Kumar Shyam Sundar,35085409,4152
8278658463,Bheru fancy and genral store nadi ka phatak,35102587,154
9352185362,Muskan Fancy end Gota store,35102407,7728
6264907780,Balaji collection Shani Maharaj,35106293,640
9079529372,shree ji collection kir ki choki,35106398,900
9982934545,Shyam Enterprises Akola,35106468,16212
7976673441,Mickey mouse Vaishali Nagar,35115105,1260
6377634151,SHREE BALAJI GARMENTS,35115797,2662
7821953831,rudhara mens vear,35134318,462
9829582550,Pradhan readymade and fancy store,35152314,308
9875705070,shri Chauth Mata vastralay,35287134,1628
9950993421,Galaxy Vallabhnagar,35442754,1560
